user_id,final_recommendations
1,"[866211, 1082185, 995242, 962568, 961554]"
2,"[866211, 1106523, 916122, 961554, 1053690]"
3,"[874972, 1106523, 1053690, 5568378, 965766]"
6,"[866211, 1082185, 1029743, 845208, 832678]"
7,"[866211, 1082185, 1106523, 1127831, 986912]"
8,"[866211, 1082185, 1029743, 844179, 1068719]"
9,"[866211, 1029743, 962568, 1096036, 871756]"
10,"[866211, 1029743, 1082185, 1039156, 986912]"
13,"[866211, 1082185, 1029743, 5592931, 1127831]"
14,"[866211, 981760, 1029743, 1096036, 1043590]"
15,"[866211, 1082185, 995242, 901062, 1041796]"
16,"[866211, 12263788, 1029743, 1022097, 1039156]"
18,"[866211, 995242, 916122, 913210, 854852]"
19,"[866211, 1029743, 1127831, 873627, 8090537]"
20,"[866211, 840361, 1068719, 1081177, 1058997]"
21,"[874972, 1029743, 1096036, 833025, 1044078]"
22,"[866211, 1082185, 878996, 835098, 862349]"
23,"[866211, 981760, 995242, 1053690, 961554]"
24,"[921504, 1096036, 1106523, 986912, 871756]"
25,"[866211, 1029743, 844179, 1044078, 834117]"
26,"[866211, 1029743, 916122, 1127831, 5592931]"
27,"[866211, 986912, 987562, 1006184, 833025]"
28,"[866211, 916122, 903325, 951412, 985999]"
29,"[866211, 1044078, 1096036, 1042438, 987724]"
30,"[866211, 1127831, 840361, 859075, 854405]"
31,"[866211, 1127831, 854852, 847982, 859075]"
32,"[866211, 878996, 961554, 1053690, 845208]"
33,"[1038663, 1106523, 1096036, 832678, 8090537]"
34,"[1000753, 1081177, 1004906, 986912, 1044078]"
35,"[866211, 5569230, 1126899, 819978, 833025]"
36,"[866211, 1029743, 1127831, 857503, 916122]"
37,"[866211, 1053690, 878996, 962568, 8090537]"
39,"[866211, 1082185, 923746, 5568378, 1136257]"
40,"[866211, 995242, 1082185, 878996, 913210]"
41,"[874972, 1082185, 981760, 1127831, 12810393]"
42,"[866211, 981760, 916122, 923746, 985999]"
43,"[866211, 1106523, 1004906, 840361, 828867]"
46,"[866211, 1082185, 1029743, 1041796, 965267]"
47,"[874972, 916122, 8090537, 1127831, 1102959]"
49,"[863447, 1082185, 1004906, 9526410, 5568378]"
50,"[866211, 1133018, 1082185, 909894, 908531]"
51,"[921504, 1029743, 1082185, 962229, 1004906]"
52,"[866211, 1082185, 1106523, 854852, 979707]"
53,"[866211, 6034857, 5569471, 1126899, 844179]"
55,"[866211, 995242, 871756, 990797, 9526410]"
56,"[863447, 981760, 1004906, 854405, 1022097]"
57,"[866211, 995242, 1004906, 828867, 1127831]"
58,"[866211, 1127831, 1082185, 995965, 5568729]"
59,"[866211, 981760, 1081177, 1082185, 1034686]"
62,"[866211, 1029743, 1082185, 1039156, 986912]"
63,"[866211, 834117, 1029743, 957736, 921744]"
64,"[866211, 1081177, 1106523, 859075, 903325]"
65,"[874972, 1127831, 1029743, 986912, 981760]"
67,"[866211, 1029743, 1127831, 5569230, 1068719]"
68,"[866211, 1029743, 981760, 8090537, 951590]"
69,"[866211, 1106523, 1044078, 12810393, 1043590]"
70,"[866211, 981760, 1039156, 1096036, 1077555]"
71,"[866211, 1127831, 844179, 1044078, 832678]"
72,"[866211, 1127831, 844179, 833025, 1023720]"
75,"[866211, 1029743, 1082185, 1039156, 986912]"
77,"[948670, 1082185, 1106523, 1004906, 940766]"
78,"[866211, 1082185, 923746, 844179, 835098]"
79,"[866211, 878996, 923746, 5569230, 1082185]"
80,"[866211, 1082185, 878996, 1044078, 885863]"
81,"[866211, 995242, 1044078, 859075, 1043590]"
82,"[1000753, 5569230, 880150, 1070702, 831628]"
83,"[866211, 1004906, 840361, 962568, 12810393]"
84,"[866211, 995242, 1082185, 1022097, 1138189]"
85,"[863447, 995242, 961554, 987724, 916122]"
86,"[866211, 1082185, 854852, 1133018, 951590]"
87,"[866211, 962568, 845208, 900802, 1106523]"
88,"[1127831, 1029743, 981760, 1077555, 831628]"
90,"[866211, 1068719, 986912, 1070820, 1044078]"
91,"[866211, 1029743, 916122, 981760, 824005]"
92,"[866211, 962568, 878996, 1082185, 1127831]"
94,"[866211, 1081177, 979707, 1037863, 976199]"
95,"[866211, 1029743, 1082185, 899624, 1042907]"
97,"[1000753, 995242, 981760, 844179, 893018]"
98,"[866211, 854852, 916122, 845208, 1068719]"
99,"[866211, 1082185, 1029743, 908531, 1006184]"
100,"[863447, 916122, 981760, 1029743, 990797]"
101,"[866211, 1106523, 1004906, 5569230, 12810393]"
103,"[866211, 1106523, 1127831, 1044078, 844179]"
104,"[866211, 1082185, 1029743, 5568378, 910032]"
105,"[866211, 1004906, 961554, 832678, 1133018]"
106,"[866211, 5569230, 6034857, 916122, 913210]"
107,"[866211, 899624, 859075, 1029743, 1070702]"
109,"[866211, 1127831, 961554, 844179, 1058997]"
110,"[866211, 1082185, 878996, 859075, 1068719]"
111,"[863447, 1127831, 1106523, 8090521, 1004906]"
112,"[866211, 1070820, 1136257, 5569471, 1076056]"
113,"[866211, 1082185, 1127831, 865178, 995965]"
114,"[948670, 1029743, 1127831, 1051211, 5569230]"
115,"[866211, 1106523, 1082185, 5568378, 961554]"
116,"[863447, 1044078, 5569230, 976199, 1037863]"
117,"[948670, 878996, 854852, 1006184, 916122]"
118,"[866211, 1127831, 1082185, 1024306, 878996]"
119,"[866211, 1029743, 981760, 1105488, 1024306]"
121,"[863447, 1029743, 1044078, 1068292, 832678]"
122,"[866211, 1027569, 940947, 874972, 1050851]"
123,"[866211, 1029743, 981760, 844179, 1070702]"
124,"[866211, 859075, 1106523, 833025, 981760]"
125,"[863447, 1029743, 1082185, 9245106, 1136257]"
126,"[863447, 995242, 1096036, 8090521, 859075]"
127,"[866211, 1127831, 1029743, 840361, 908531]"
128,"[866211, 1082185, 1029743, 1023720, 878996]"
131,"[948670, 995242, 1082185, 893018, 1127831]"
132,"[866211, 1082185, 878996, 824005, 854852]"
133,"[866211, 1127831, 995242, 916122, 979707]"
134,"[863447, 1082185, 5569230, 910032, 1101010]"
135,"[866211, 840361, 862349, 828867, 933835]"
136,"[866211, 1106523, 1096036, 8090521, 1082185]"
138,"[866211, 1082185, 1127831, 1070820, 979707]"
139,"[866211, 1082185, 1081177, 8090537, 12810393]"
140,"[866211, 1106523, 1082185, 8090537, 1092026]"
141,"[866211, 1081177, 854852, 1082185, 1138443]"
142,"[948670, 1082185, 965766, 990797, 838186]"
143,"[866211, 1029743, 5569230, 1094955, 844179]"
146,"[866211, 1068719, 1029743, 1076056, 986912]"
151,"[866211, 878996, 1081177, 916122, 995242]"
153,"[866211, 859075, 916122, 1096036, 897125]"
156,"[866211, 1127831, 1082185, 5569845, 1006184]"
157,"[866211, 1082185, 981760, 834117, 909894]"
158,"[866211, 981760, 1127831, 844179, 1070820]"
159,"[866211, 1004906, 1106523, 923746, 870547]"
160,"[866211, 1024306, 6034857, 840361, 986912]"
161,"[866211, 995242, 844179, 962568, 854852]"
162,"[866211, 1029743, 981760, 859075, 1076056]"
164,"[866211, 1029743, 1081177, 1082185, 833025]"
166,"[866211, 1029743, 844179, 845208, 981760]"
167,"[866211, 878996, 5569230, 1027569, 908318]"
168,"[866211, 1081177, 961554, 1029743, 1023720]"
169,"[866211, 852856, 1029743, 857503, 1048462]"
171,"[866211, 1044078, 1004906, 1029743, 1081177]"
172,"[866211, 5569230, 1053690, 981760, 995242]"
174,"[1000753, 1096036, 1133018, 1043590, 1004906]"
178,"[866211, 859075, 1106523, 962229, 5585510]"
183,"[866211, 1106523, 1053690, 878996, 986912]"
184,"[874972, 981760, 845208, 1082185, 844179]"
185,"[874972, 1029743, 916122, 844179, 8090521]"
187,"[866211, 5569230, 1037863, 962229, 910032]"
188,"[866211, 1106523, 923746, 833025, 878996]"
190,"[866211, 903325, 1127831, 859075, 1110572]"
191,"[866211, 995242, 5592931, 1039156, 910032]"
192,"[866211, 1029743, 981760, 1053690, 990797]"
193,"[921504, 1029743, 981760, 983584, 990797]"
194,"[866211, 1082185, 961554, 965766, 5569471]"
195,"[1000753, 1082185, 1029743, 859075, 823704]"
196,"[1000753, 1106523, 981760, 1101173, 1004906]"
197,"[823990, 1082185, 1126899, 908318, 883932]"
198,"[866211, 1082185, 1029743, 844179, 833025]"
199,"[863447, 995242, 908318, 1132771, 1033142]"
200,"[823990, 5568378, 854852, 1041796, 1003188]"
201,"[863447, 6034857, 1044078, 871756, 1029743]"
202,"[866211, 1029743, 844179, 899624, 1068719]"
203,"[866211, 1029743, 1081177, 981760, 1004906]"
204,"[866211, 1127831, 844179, 6034857, 923746]"
205,"[866211, 1082185, 1106523, 845208, 951590]"
208,"[866211, 1082185, 981760, 1127831, 835098]"
209,"[866211, 1082185, 1029743, 845208, 857503]"
210,"[866211, 1082185, 1081177, 845208, 1068719]"
211,"[866211, 1133018, 1081177, 1127831, 1068719]"
212,"[866211, 1127831, 995242, 999858, 1024306]"
213,"[866211, 962568, 1044078, 5568378, 986912]"
214,"[866211, 1082185, 1127831, 835098, 898068]"
215,"[863447, 1082185, 1127831, 1000753, 995965]"
216,"[921504, 916122, 986912, 993638, 5569230]"
217,"[874972, 1127831, 981760, 1029743, 916122]"
218,"[823990, 995242, 962568, 12810393, 1026118]"
219,"[866211, 1082185, 1127831, 908318, 880150]"
220,"[866211, 878996, 995242, 940766, 923746]"
221,"[866211, 995242, 840361, 819978, 1041796]"
222,"[866211, 1082185, 878996, 1127831, 824005]"
224,"[874972, 995242, 1082185, 1043590, 5569230]"
225,"[866211, 1029743, 1081177, 1004906, 1054262]"
226,"[866211, 995242, 844179, 840361, 909894]"
227,"[866211, 908531, 1068719, 845193, 1039156]"
228,"[866211, 1127831, 961554, 1055504, 878996]"
230,"[874972, 1029743, 1044078, 840361, 870547]"
232,"[866211, 1029743, 1082185, 990797, 897125]"
233,"[866211, 1029743, 1068719, 961554, 995965]"
235,"[866211, 1127831, 1082185, 878996, 965766]"
236,"[866211, 859075, 965766, 1014948, 859010]"
239,"[866211, 1044078, 1127831, 962568, 847982]"
240,"[866211, 914190, 1029743, 833025, 832678]"
241,"[863447, 5569230, 1026118, 12301109, 1028816]"
242,"[866211, 1029743, 1082185, 859075, 1138443]"
243,"[866211, 1127831, 878996, 970030, 962568]"
244,"[866211, 1127831, 1004906, 834117, 9526410]"
245,"[863447, 1044078, 859075, 1106523, 845208]"
246,"[866211, 1070820, 840361, 897125, 896369]"
247,"[874972, 1082185, 986912, 981760, 1081177]"
248,"[866211, 1082185, 1029743, 834117, 839419]"
249,"[863447, 1029743, 916122, 899624, 6034857]"
250,"[866211, 1029743, 1081177, 854852, 844179]"
251,"[874972, 995242, 840361, 873203, 870547]"
252,"[866211, 844165, 1029743, 8090537, 879755]"
253,"[1106523, 1044078, 844179, 1040807, 1037863]"
254,"[866211, 1106523, 1082185, 857503, 1014948]"
256,"[948670, 1004906, 5568378, 962568, 1042438]"
257,"[866211, 1106523, 859075, 1040807, 823990]"
258,"[866211, 995242, 1082185, 909894, 1110572]"
259,"[866211, 878996, 8090537, 1039156, 834117]"
260,"[866211, 1081177, 5568378, 6034857, 995965]"
262,"[866211, 1082185, 981760, 1127831, 986912]"
263,"[1000753, 1029743, 1127831, 878996, 1081177]"
264,"[921504, 1127831, 962568, 859075, 5569230]"
265,"[866211, 1127831, 923746, 899624, 1024306]"
266,"[866211, 1082185, 981760, 5569471, 844179]"
267,"[866211, 844165, 1106523, 902172, 865456]"
268,"[866211, 840361, 1127831, 870547, 1014948]"
269,"[863447, 981760, 1004906, 844179, 1106523]"
270,"[866211, 1053690, 1106523, 819978, 5569230]"
271,"[866211, 986912, 1058997, 923746, 909894]"
273,"[1000753, 1106523, 1096036, 1068719, 873203]"
274,"[866211, 859075, 1106523, 993638, 883932]"
275,"[863447, 1106523, 1082185, 1127831, 1068719]"
276,"[866211, 995242, 1127831, 5569230, 1096036]"
278,"[866211, 995242, 844179, 1137775, 951412]"
280,"[874972, 1106523, 1082185, 1006184, 899624]"
281,"[874972, 1082185, 878996, 859075, 981760]"
282,"[866211, 916122, 1082185, 962568, 859075]"
283,"[866211, 1082185, 1127831, 5569230, 990797]"
284,"[866211, 8090521, 1029743, 1101173, 1082212]"
285,"[866211, 995242, 981760, 1044078, 899624]"
286,"[866211, 1081177, 962568, 9526410, 845208]"
287,"[863447, 1106523, 981760, 1127831, 859075]"
288,"[866211, 1082185, 878996, 835098, 854852]"
289,"[866211, 981760, 961554, 901062, 970030]"
290,"[948670, 995242, 1127831, 1044078, 5569230]"
291,"[823990, 1127831, 1106523, 990797, 1051211]"
292,"[866211, 1106523, 8090521, 5569327, 933835]"
294,"[866211, 1106523, 1082185, 840361, 828867]"
297,"[874972, 1082185, 1029743, 870547, 962568]"
300,"[866211, 1106523, 916122, 1082185, 871756]"
301,"[866211, 1082185, 1127831, 999858, 913210]"
302,"[866211, 1082185, 878996, 981760, 5568378]"
303,"[1000753, 1082185, 995242, 832678, 1081177]"
304,"[866211, 1029743, 1082185, 857503, 5585510]"
305,"[948670, 995242, 1127831, 957951, 1051211]"
306,"[863447, 1029743, 1082185, 854852, 899624]"
307,"[866211, 1096036, 845208, 916122, 993638]"
308,"[866211, 5569230, 916122, 824005, 961554]"
311,"[866211, 1106523, 1082185, 6034857, 1127831]"
312,"[866211, 961554, 1024306, 1068719, 835098]"
314,"[866211, 1082185, 981760, 1044078, 1127831]"
316,"[866211, 1044078, 995242, 893018, 1004906]"
317,"[866211, 1029743, 1127831, 6034857, 863447]"
318,"[866211, 1106523, 5569230, 859075, 1053690]"
321,"[863447, 878996, 1127831, 986912, 898068]"
322,"[866211, 923746, 854852, 844179, 859075]"
323,"[866211, 907631, 1029743, 1138189, 1102959]"
324,"[866211, 1082185, 1127831, 824005, 1070820]"
325,"[866211, 995242, 1081177, 1082185, 962568]"
326,"[866211, 8090521, 5568378, 1043751, 1110572]"
327,"[866211, 1029743, 1082185, 1039156, 986912]"
328,"[866211, 1127831, 878996, 903325, 979707]"
329,"[948670, 1127831, 1029743, 859075, 878996]"
330,"[866211, 995242, 1004906, 1039156, 916122]"
331,"[866211, 1029743, 981760, 916122, 1051211]"
332,"[866211, 1082185, 1127831, 838186, 845208]"
333,"[866211, 1044078, 981760, 1106523, 999270]"
334,"[866211, 1082185, 1127831, 995242, 1004906]"
338,"[863447, 1082185, 1004906, 1044078, 1037863]"
339,"[866211, 1106523, 1082185, 833025, 1004906]"
342,"[1000753, 1029743, 859075, 1127831, 844179]"
343,"[866211, 995242, 923746, 9526410, 5569230]"
345,"[866211, 1082185, 1029743, 961554, 910032]"
346,"[866211, 1029743, 1082185, 1040807, 880150]"
347,"[866211, 951590, 883932, 940766, 5568729]"
348,"[866211, 1082185, 1029743, 847982, 859075]"
349,"[866211, 840361, 1106523, 981760, 913785]"
350,"[866211, 961554, 962568, 833025, 1044078]"
351,"[874972, 1082185, 1106523, 859075, 833025]"
353,"[866211, 1082185, 1127831, 878996, 840361]"
354,"[874972, 916122, 981760, 840361, 1133018]"
356,"[866211, 995242, 834117, 5569230, 921744]"
357,"[866211, 916122, 878996, 1082185, 987724]"
358,"[948670, 1082185, 1106523, 844179, 5592931]"
360,"[866211, 5568378, 1082185, 830887, 940766]"
361,"[866211, 1082185, 1127831, 5569230, 990797]"
362,"[866211, 1127831, 981760, 898068, 878996]"
364,"[1038663, 1106523, 1004906, 844179, 12810393]"
365,"[1000753, 1082185, 981760, 965766, 12810393]"
366,"[866211, 844179, 1081177, 1044078, 847982]"
367,"[866211, 1082185, 878996, 5568378, 986912]"
369,"[866211, 878996, 981760, 910032, 845208]"
371,"[866211, 1029743, 1082185, 995965, 916122]"
373,"[866211, 1102959, 1050851, 1106301, 854852]"
374,"[866211, 1029743, 878996, 981760, 1004906]"
375,"[866211, 1029743, 965766, 1041796, 8090532]"
376,"[823990, 981760, 1044078, 923746, 859075]"
377,"[921504, 1082185, 1029743, 859075, 12810393]"
378,"[874972, 981760, 962568, 840361, 844179]"
380,"[863447, 1106523, 1082185, 1004906, 5569471]"
381,"[1038663, 1029743, 859075, 947798, 1081177]"
382,"[866211, 5569230, 1082185, 1029743, 1101010]"
383,"[866211, 1082185, 916122, 987562, 1039156]"
384,"[866211, 1082185, 1127831, 857503, 6034857]"
385,"[866211, 859075, 962568, 854852, 1117514]"
386,"[863447, 1029743, 1044078, 962568, 845208]"
387,"[874972, 916122, 1127831, 854852, 1126899]"
388,"[866211, 1029743, 859075, 896369, 893018]"
389,"[866211, 1082185, 1127831, 987562, 845208]"
390,"[921504, 5569230, 995242, 835098, 981760]"
392,"[863447, 916122, 981760, 854852, 1023720]"
393,"[1038663, 1029743, 1068719, 961554, 12810393]"
394,"[866211, 1029743, 1082185, 1004906, 854852]"
395,"[866211, 5569230, 995242, 1102959, 5568378]"
396,"[866211, 1127831, 981760, 903325, 865178]"
397,"[866211, 916122, 961554, 1027569, 1087102]"
398,"[866211, 1029743, 1082185, 1062002, 9526410]"
400,"[866211, 1082185, 1029743, 1014948, 844179]"
401,"[866211, 981760, 965766, 1081177, 845208]"
402,"[866211, 1004906, 844179, 819978, 1046262]"
404,"[866211, 1081177, 1044078, 979707, 1006184]"
405,"[948670, 916122, 995242, 1082185, 6034857]"
406,"[866211, 1082185, 1127831, 951412, 1024306]"
407,"[866211, 1127831, 8090521, 983584, 1029743]"
409,"[863447, 1082185, 981760, 1023720, 962568]"
410,"[866211, 1044078, 995242, 845208, 962568]"
411,"[866211, 1082185, 1106523, 1127831, 965766]"
412,"[866211, 995242, 878996, 865456, 993638]"
413,"[866211, 1082185, 1106523, 1127831, 916122]"
414,"[866211, 1029743, 1004906, 845208, 1041796]"
415,"[866211, 1029743, 1082185, 1039156, 986912]"
417,"[866211, 1082185, 1127831, 995242, 962568]"
418,"[866211, 1082185, 1029743, 859010, 1050851]"
420,"[1000753, 878996, 1029743, 981760, 1004906]"
421,"[866211, 1082185, 981760, 909714, 903325]"
425,"[866211, 1044078, 923746, 1004906, 893018]"
426,"[866211, 878996, 961554, 916122, 962568]"
427,"[866211, 1082185, 1029743, 986912, 981760]"
429,"[948670, 995242, 854852, 1056509, 857503]"
430,"[866211, 1029743, 5569230, 1082185, 908531]"
432,"[863447, 995242, 1127831, 1044078, 12810393]"
433,"[866211, 1082185, 1106523, 923746, 1068719]"
434,"[863447, 1044078, 981760, 840361, 845208]"
435,"[866211, 5569230, 1004906, 962229, 909714]"
437,"[866211, 981760, 1082185, 859075, 1044078]"
438,"[866211, 1127831, 916122, 859075, 1003188]"
441,"[948670, 1082185, 961554, 12810393, 913210]"
442,"[863447, 1082185, 961554, 839419, 999858]"
443,"[863447, 981760, 1127831, 1026118, 1082185]"
446,"[866211, 1029743, 1082185, 1039156, 986912]"
447,"[866211, 878996, 1096036, 845208, 5592931]"
449,"[823990, 995242, 854852, 859075, 965766]"
450,"[863447, 878996, 995242, 981760, 916122]"
451,"[866211, 1082185, 1044078, 854852, 845208]"
454,"[866211, 1029743, 1082185, 987562, 1068719]"
457,"[866211, 1029743, 5592931, 859075, 1122358]"
458,"[866211, 878996, 840361, 1004906, 1058997]"
459,"[866211, 986912, 854852, 844165, 12301405]"
460,"[866211, 1127831, 961554, 1082185, 923746]"
461,"[863447, 981760, 1004906, 995242, 897954]"
462,"[921504, 995242, 1081177, 1082185, 839419]"
463,"[866211, 1082185, 1106523, 5569230, 878996]"
464,"[866211, 995242, 1127831, 9527290, 8065410]"
466,"[866211, 1068719, 844179, 1044078, 1043590]"
467,"[866211, 1106523, 1082185, 859075, 1022254]"
468,"[866211, 1106523, 1044078, 1068719, 981760]"
469,"[874972, 1082185, 1127831, 962568, 1027569]"
470,"[866211, 995242, 1023720, 962229, 859075]"
471,"[866211, 1127831, 1106523, 8090537, 923746]"
474,"[823990, 981760, 1029743, 1068719, 859075]"
477,"[866211, 1068719, 878996, 1029743, 897125]"
478,"[866211, 1029743, 1082185, 1039156, 986912]"
479,"[866211, 1082185, 1106523, 5592931, 1096036]"
480,"[866211, 1082185, 1127831, 1004906, 840361]"
482,"[823990, 1044078, 845208, 1106523, 1043590]"
483,"[1038663, 1106523, 1068719, 1012587, 859075]"
484,"[866211, 1082185, 923746, 1070820, 897954]"
485,"[866211, 1029743, 1082185, 951590, 899624]"
487,"[866211, 1029743, 1082185, 1039156, 986912]"
489,"[866211, 1082185, 981760, 962568, 901062]"
491,"[866211, 916122, 962568, 903325, 901062]"
493,"[948670, 1029743, 916122, 1004906, 840361]"
495,"[948670, 1029743, 1004906, 1127831, 1037863]"
497,"[866211, 1058997, 844165, 1102959, 921744]"
502,"[866211, 1029743, 981760, 845208, 833025]"
503,"[866211, 1082185, 1127831, 883932, 1014948]"
505,"[874972, 844179, 898068, 1070702, 12648296]"
506,"[866211, 916122, 961554, 859075, 821083]"
507,"[866211, 878996, 1081177, 918368, 916122]"
508,"[866211, 1004906, 1044078, 859075, 1042907]"
510,"[866211, 1127831, 878996, 1082185, 1027569]"
511,"[948670, 1029743, 1044078, 897125, 908531]"
513,"[866211, 844179, 878996, 916122, 880150]"
514,"[866211, 1127831, 878996, 1081177, 961554]"
515,"[866211, 1127831, 1106523, 899624, 5569230]"
516,"[866211, 995242, 844179, 1053690, 1068719]"
517,"[921504, 1081177, 1004906, 833025, 844179]"
518,"[866211, 995242, 844179, 908531, 1136257]"
520,"[866211, 981760, 1106523, 1043751, 1068719]"
521,"[866211, 1082185, 1024306, 1081177, 979707]"
523,"[866211, 995242, 1082185, 859075, 1044078]"
524,"[866211, 1082185, 878996, 1133018, 981760]"
525,"[866211, 1110572, 1014948, 860299, 1087102]"
526,"[866211, 1029743, 5569230, 1006184, 951590]"
527,"[866211, 901062, 916122, 819978, 832678]"
531,"[866211, 995242, 5569230, 839419, 840361]"
533,"[866211, 995242, 840361, 845208, 1082185]"
534,"[866211, 995242, 1039156, 897306, 986912]"
537,"[866211, 923746, 987562, 821083, 839419]"
538,"[866211, 1127831, 916122, 1070820, 909714]"
539,"[863447, 1082185, 923746, 833025, 981760]"
540,"[866211, 1082185, 916122, 1081177, 1068719]"
542,"[866211, 1106523, 916122, 865456, 1044078]"
543,"[1000753, 995242, 8090521, 1070702, 908531]"
544,"[866211, 1127831, 878996, 1023720, 1110572]"
545,"[866211, 878996, 986912, 1082185, 1027569]"
547,"[866211, 5568378, 1029743, 913210, 5569845]"
548,"[863447, 981760, 995242, 1136257, 840361]"
550,"[863447, 1082185, 995242, 1004906, 5585510]"
552,"[863447, 1106523, 1044078, 1043590, 908531]"
553,"[866211, 1029743, 1082185, 1044078, 859075]"
554,"[866211, 1106523, 878996, 8090537, 1022097]"
556,"[866211, 1029743, 833025, 1096317, 865456]"
557,"[866211, 1127831, 878996, 1058997, 1024306]"
558,"[866211, 1106523, 1044078, 893018, 844179]"
560,"[866211, 1029743, 1004906, 1081177, 962568]"
562,"[866211, 1029743, 981760, 1027569, 845208]"
563,"[866211, 1029743, 961554, 854852, 1081177]"
564,"[866211, 878996, 1081177, 995242, 981760]"
566,"[866211, 878996, 986912, 993638, 1044078]"
567,"[866211, 1044078, 844179, 916122, 1110572]"
568,"[866211, 1106523, 1004906, 859075, 947798]"
569,"[866211, 1082185, 1127831, 995242, 1081177]"
570,"[874972, 1127831, 1081177, 1070702, 1029743]"
574,"[863447, 1029743, 844179, 908531, 819978]"
575,"[866211, 1106523, 1127831, 5568729, 840361]"
576,"[863447, 1127831, 878996, 8090537, 840361]"
577,"[866211, 1127831, 961554, 9527290, 1056509]"
578,"[866211, 987562, 8090521, 995242, 961554]"
579,"[948670, 916122, 854852, 999858, 1029743]"
580,"[866211, 981760, 909894, 1041796, 976199]"
581,"[866211, 1127831, 1029743, 833025, 987562]"
582,"[866211, 5569230, 854852, 962568, 1033142]"
583,"[866211, 995242, 5569230, 12810393, 961554]"
586,"[866211, 1029743, 1004906, 916122, 1044078]"
587,"[866211, 981760, 1106523, 1069621, 885290]"
588,"[866211, 1127831, 1106523, 933835, 859075]"
590,"[863447, 5569230, 5568378, 899624, 916122]"
591,"[874972, 1106523, 981760, 844179, 965766]"
593,"[866211, 1106523, 854852, 859075, 1068719]"
594,"[823990, 1106523, 1082185, 854405, 1127831]"
595,"[866211, 1106523, 1082185, 5592931, 9527290]"
596,"[866211, 1106523, 1081177, 823990, 1082185]"
598,"[866211, 981760, 1106523, 923746, 1081177]"
600,"[866211, 1029743, 916122, 952163, 1105488]"
602,"[866211, 1029743, 1096036, 840361, 1127831]"
603,"[1038663, 1081177, 859075, 870547, 1053690]"
604,"[866211, 1127831, 1082185, 1070820, 883932]"
605,"[948670, 1106523, 1127831, 859075, 961554]"
606,"[866211, 1029743, 916122, 847982, 845208]"
608,"[866211, 1106523, 981760, 844165, 845208]"
609,"[866211, 5569230, 1133018, 5568378, 1044078]"
610,"[866211, 1127831, 878996, 5568378, 859075]"
611,"[866211, 1029743, 878996, 1082185, 1122358]"
612,"[874972, 1029743, 5568378, 965766, 883932]"
613,"[866211, 1004906, 962568, 5569230, 845208]"
614,"[921504, 1029743, 1127831, 965766, 1081177]"
615,"[948670, 878996, 995242, 1068719, 1024306]"
617,"[866211, 1082185, 1081177, 981760, 878996]"
618,"[866211, 1082185, 1106523, 908531, 923746]"
621,"[874972, 981760, 1081177, 1006184, 9245106]"
622,"[1038663, 1106523, 965766, 12810393, 8090537]"
623,"[823990, 1029743, 981760, 845208, 903325]"
624,"[866211, 1106523, 844179, 916122, 833025]"
630,"[1000753, 1082185, 1127831, 1096036, 916122]"
631,"[866211, 995242, 981760, 979707, 995965]"
632,"[874972, 1029743, 981760, 916122, 965766]"
633,"[866211, 1082185, 995242, 1004906, 12301109]"
636,"[866211, 1029743, 1127831, 1023720, 1082185]"
637,"[1038663, 859075, 1127831, 1106523, 844179]"
638,"[866211, 1082185, 1029743, 1004906, 1127831]"
640,"[1000753, 1106523, 5569230, 1070702, 828867]"
641,"[866211, 1082185, 1127831, 903325, 970030]"
643,"[866211, 1029743, 1127831, 5569230, 1056509]"
644,"[948670, 995242, 916122, 878996, 933067]"
647,"[866211, 1029743, 1044078, 819978, 8090537]"
648,"[866211, 1081177, 854852, 1004906, 857503]"
650,"[866211, 1029743, 1082185, 1039156, 986912]"
652,"[866211, 995242, 1082185, 840361, 1051211]"
653,"[866211, 995242, 1004906, 857503, 1053690]"
654,"[866211, 995242, 1068719, 1039156, 883932]"
655,"[866211, 1044078, 981760, 995242, 986912]"
658,"[866211, 995242, 1081177, 1044078, 859075]"
659,"[863447, 844179, 1133018, 951590, 910032]"
660,"[866211, 1127831, 1082185, 844179, 1105488]"
661,"[874972, 995242, 5569230, 1044078, 840361]"
662,"[866211, 995242, 916122, 908531, 8090521]"
663,"[866211, 1082185, 878996, 8090537, 1127831]"
665,"[866211, 986912, 965267, 1029743, 993638]"
666,"[866211, 844179, 1044078, 859075, 916122]"
667,"[866211, 995242, 1081177, 1006184, 859075]"
668,"[866211, 923746, 1058997, 1006184, 5569471]"
669,"[866211, 1082185, 1127831, 835098, 878996]"
670,"[866211, 1029743, 1127831, 833025, 852856]"
671,"[866211, 1029743, 951590, 5569327, 859075]"
672,"[866211, 1082185, 981760, 8090537, 871756]"
673,"[866211, 1082185, 878996, 1068719, 916122]"
674,"[866211, 1029743, 878996, 840361, 839419]"
675,"[1000753, 981760, 1106523, 859075, 1081177]"
676,"[866211, 1106523, 981760, 1012587, 910032]"
680,"[866211, 995242, 844179, 961554, 1068719]"
681,"[866211, 5568378, 916122, 1027168, 9526410]"
684,"[866211, 1133018, 1082185, 1106301, 981760]"
685,"[866211, 916122, 961554, 1106523, 844179]"
687,"[866211, 1029743, 916122, 8090521, 999858]"
690,"[863447, 1082185, 1029743, 845208, 1068719]"
691,"[948670, 981760, 1082185, 1096036, 1127831]"
692,"[866211, 878996, 840361, 6034857, 824005]"
693,"[866211, 1029743, 916122, 1070702, 1082185]"
694,"[866211, 995242, 916122, 819978, 951590]"
695,"[866211, 1029743, 1082185, 1096036, 899624]"
696,"[866211, 1082185, 1127831, 9526410, 1105488]"
697,"[866211, 1082185, 1081177, 1023720, 1136257]"
698,"[866211, 1106523, 1044078, 5568378, 844165]"
699,"[866211, 1082185, 1029743, 1094955, 961554]"
700,"[866211, 1029743, 923746, 1044078, 823704]"
701,"[866211, 981760, 995242, 5569230, 1042907]"
702,"[866211, 1082185, 1029743, 840361, 8090537]"
703,"[866211, 995242, 1127831, 965766, 1082185]"
705,"[866211, 1029743, 1081177, 908531, 1082185]"
706,"[863447, 1029743, 5569230, 878996, 897125]"
707,"[866211, 1029743, 1127831, 833025, 859075]"
708,"[866211, 1029743, 916122, 845208, 981760]"
709,"[823990, 1106523, 844179, 845208, 908531]"
710,"[866211, 1106523, 1044078, 5569230, 1074754]"
711,"[866211, 1068719, 1026118, 8090521, 983584]"
712,"[866211, 1082185, 1127831, 845208, 878996]"
713,"[866211, 1029743, 5569230, 854852, 962229]"
714,"[866211, 1082185, 844179, 1127831, 910032]"
715,"[874972, 995242, 981760, 823704, 1040807]"
716,"[866211, 916122, 1127831, 930118, 1126899]"
717,"[866211, 986912, 1102959, 1014948, 1087102]"
718,"[866211, 1029743, 1082185, 1096036, 880150]"
719,"[866211, 1106523, 1082185, 819978, 5569230]"
720,"[863447, 854852, 1081177, 909714, 1026118]"
721,"[866211, 1126899, 1014948, 1087102, 1082212]"
722,"[866211, 1082185, 1106523, 916122, 857503]"
723,"[866211, 1082185, 878996, 840361, 1006184]"
725,"[866211, 1106523, 1044078, 1053690, 962568]"
726,"[863447, 1127831, 981760, 995965, 930118]"
727,"[866211, 1106523, 923746, 844179, 940766]"
728,"[866211, 1029743, 844179, 990797, 5568378]"
729,"[866211, 1029743, 1082185, 1039156, 986912]"
730,"[866211, 1126899, 909894, 1053690, 1070702]"
731,"[866211, 1082185, 1127831, 5569230, 1006184]"
733,"[866211, 995242, 1082185, 923746, 1081177]"
734,"[1000753, 995242, 854852, 840361, 961554]"
735,"[866211, 1106523, 981760, 951590, 923746]"
736,"[866211, 1082185, 1029743, 899624, 5569230]"
740,"[866211, 995242, 1127831, 909714, 854852]"
741,"[866211, 995242, 916122, 995965, 930118]"
742,"[866211, 1106523, 1004906, 844165, 897125]"
743,"[866211, 1106523, 923746, 1044078, 1054262]"
744,"[874972, 1082185, 878996, 1127831, 854852]"
745,"[866211, 1082185, 1127831, 1022254, 913785]"
747,"[866211, 5569230, 840361, 5568378, 1082185]"
748,"[866211, 1106523, 1044078, 8090537, 1068719]"
749,"[866211, 1029743, 1004906, 5569230, 1022097]"
750,"[866211, 1133018, 844179, 1044078, 965766]"
752,"[863447, 961554, 986912, 844179, 834117]"
753,"[874972, 1082185, 1029743, 981760, 8090521]"
754,"[866211, 1082185, 878996, 1058997, 961554]"
755,"[874972, 1127831, 878996, 995965, 6034857]"
757,"[866211, 1133018, 5569230, 1096036, 1102959]"
759,"[866211, 854852, 1028816, 1112238, 1026118]"
761,"[866211, 1082185, 1029743, 872137, 995965]"
762,"[866211, 1082185, 878996, 986912, 1136257]"
764,"[866211, 1029743, 878996, 981760, 838186]"
766,"[874972, 1127831, 1082185, 976199, 903325]"
767,"[866211, 840361, 878996, 1044078, 1053690]"
768,"[866211, 1029743, 859075, 1082185, 859010]"
769,"[866211, 1029743, 1082185, 1003188, 896369]"
770,"[863447, 1082185, 1029743, 1044078, 923746]"
771,"[866211, 916122, 844179, 1040807, 962568]"
773,"[866211, 1082185, 916122, 1022097, 847982]"
776,"[866211, 1029743, 1082185, 923746, 845208]"
777,"[866211, 1029743, 923746, 1082185, 987562]"
779,"[866211, 1082185, 5569230, 1127831, 1117514]"
781,"[866211, 878996, 854852, 872137, 854405]"
784,"[1000753, 5569230, 1081177, 9526410, 833025]"
786,"[866211, 981760, 1106523, 12810393, 961554]"
787,"[866211, 1082185, 5569230, 901062, 862349]"
788,"[866211, 1029743, 1044078, 1029624, 899624]"
789,"[921504, 981760, 1024306, 976199, 1133018]"
790,"[866211, 1029743, 961554, 951590, 5569230]"
793,"[1000753, 981760, 1068719, 1004906, 916122]"
794,"[866211, 995242, 854852, 979707, 1051211]"
795,"[866211, 1029743, 916122, 871756, 923746]"
796,"[866211, 923746, 878996, 916122, 1022254]"
798,"[866211, 1082185, 986912, 908531, 1127831]"
799,"[863447, 1082185, 1127831, 1126899, 965267]"
800,"[866211, 995242, 981760, 961554, 12301109]"
801,"[874972, 981760, 1029743, 819978, 845208]"
802,"[874972, 1004906, 1024306, 908531, 1096036]"
803,"[866211, 1044078, 995242, 840361, 883932]"
804,"[866211, 1029743, 859075, 1110572, 965766]"
805,"[1038663, 1029743, 1082185, 1081177, 1096036]"
806,"[866211, 1082185, 1029743, 1024306, 859075]"
807,"[866211, 1029743, 1127831, 844179, 12810393]"
808,"[921504, 1029743, 916122, 921744, 1082185]"
810,"[866211, 1082185, 1024306, 1028816, 993638]"
811,"[921504, 1029743, 981760, 916122, 847982]"
813,"[866211, 962568, 903325, 834117, 874972]"
814,"[866211, 12810393, 985999, 918368, 1101173]"
816,"[866211, 1082185, 995242, 981760, 916122]"
817,"[866211, 1082185, 981760, 878996, 1081177]"
818,"[866211, 1029743, 1082185, 839419, 840361]"
820,"[866211, 1081177, 5569230, 1044078, 962568]"
822,"[866211, 981760, 995242, 832678, 8090521]"
823,"[863447, 961554, 5569230, 899624, 845208]"
824,"[874972, 1106523, 923746, 1006184, 845208]"
825,"[1000753, 1127831, 1081177, 976199, 916122]"
826,"[866211, 1037840, 845193, 947798, 951590]"
829,"[866211, 1082185, 995242, 878996, 1137775]"
830,"[866211, 1082185, 878996, 845208, 965267]"
831,"[874972, 995242, 916122, 844179, 985999]"
836,"[866211, 1081177, 854852, 893018, 821083]"
837,"[866211, 854852, 1127831, 1082185, 844179]"
840,"[863447, 1029743, 981760, 857503, 1068719]"
841,"[863447, 1106523, 1044078, 5568378, 1081177]"
842,"[866211, 1029743, 916122, 1056509, 833025]"
844,"[866211, 1127831, 995242, 1022097, 1004906]"
845,"[866211, 916122, 1127831, 5568729, 1058997]"
846,"[866211, 1004906, 1133018, 1127831, 8090521]"
847,"[866211, 995242, 1082185, 1068719, 952163]"
848,"[866211, 1044078, 878996, 893018, 1051211]"
850,"[863447, 995242, 923746, 981760, 986912]"
852,"[863447, 1082185, 1106523, 1105488, 901062]"
853,"[866211, 916122, 962568, 1027569, 1117514]"
854,"[863447, 840361, 5568378, 995242, 1027168]"
855,"[866211, 1029743, 1127831, 859075, 896369]"
856,"[866211, 1082185, 995242, 863447, 1068719]"
857,"[866211, 1082185, 995242, 819978, 5569230]"
858,"[866211, 1070820, 1053690, 5568378, 873627]"
859,"[866211, 5569230, 844179, 916122, 865178]"
861,"[866211, 1082185, 1106523, 823990, 840361]"
862,"[1038663, 1029743, 1068719, 1081177, 1041796]"
863,"[863447, 1029743, 916122, 1044078, 1082185]"
864,"[866211, 1029743, 1082185, 878996, 839419]"
865,"[1038663, 1106523, 844179, 845208, 899624]"
866,"[863447, 1106523, 1082185, 12810393, 983584]"
867,"[866211, 1127831, 995242, 951412, 900802]"
868,"[866211, 1082185, 1127831, 5569230, 819978]"
869,"[866211, 1081177, 1044078, 981760, 923746]"
871,"[866211, 1082185, 1029743, 5569230, 961554]"
875,"[866211, 1082185, 1127831, 5569471, 840361]"
876,"[866211, 1082185, 878996, 1024306, 897125]"
877,"[866211, 1082185, 981760, 12810393, 1127831]"
878,"[866211, 1082185, 1106523, 834117, 985893]"
879,"[866211, 916122, 844179, 962568, 965766]"
880,"[866211, 951590, 1029743, 883932, 1071342]"
881,"[874972, 1029743, 981760, 5569327, 838186]"
882,"[866211, 1106523, 1044078, 833025, 835098]"
883,"[866211, 1082185, 995242, 1024306, 844179]"
884,"[866211, 986912, 1082185, 993638, 1076056]"
885,"[866211, 1106523, 1081177, 898068, 833025]"
886,"[866211, 981760, 916122, 1096036, 839419]"
887,"[823990, 1004906, 859075, 5585510, 1043590]"
888,"[1029743, 916122, 1082185, 1105488, 854852]"
889,"[866211, 1082185, 1127831, 1058997, 1096036]"
891,"[866211, 1127831, 1106523, 845208, 981760]"
893,"[874972, 1106523, 916122, 1101173, 981760]"
894,"[866211, 1081177, 1082185, 845208, 1024306]"
895,"[866211, 1082185, 961554, 903325, 940947]"
897,"[866211, 1029743, 1096036, 1039156, 5569471]"
898,"[866211, 1127831, 1029743, 987562, 845208]"
900,"[874972, 1082185, 5569230, 979707, 986912]"
903,"[1000753, 878996, 1127831, 1082185, 898068]"
904,"[866211, 1082185, 1133018, 913210, 965766]"
906,"[948670, 1082185, 878996, 1126899, 839419]"
907,"[866211, 1082185, 995242, 916122, 859075]"
908,"[874972, 1029743, 916122, 1028816, 903325]"
909,"[866211, 1082185, 1029743, 5569230, 833025]"
911,"[866211, 1082185, 1127831, 1037863, 903325]"
913,"[866211, 1082185, 878996, 5569230, 981760]"
914,"[866211, 1029743, 981760, 844179, 871756]"
915,"[866211, 1082185, 1068719, 981760, 845208]"
916,"[1038663, 1106523, 1081177, 5569471, 913785]"
919,"[866211, 1029743, 1081177, 1082185, 1096036]"
920,"[1038663, 1106523, 1082185, 1096036, 870547]"
922,"[863447, 1082185, 1127831, 824005, 1058997]"
924,"[866211, 1029743, 951590, 844165, 965766]"
926,"[948670, 981760, 916122, 854852, 1058997]"
927,"[866211, 1127831, 878996, 1126899, 930118]"
928,"[866211, 1082185, 923746, 1127831, 873203]"
929,"[863447, 995242, 878996, 961554, 5592931]"
930,"[866211, 981760, 883932, 835098, 1016800]"
931,"[863447, 1082185, 995242, 961554, 951590]"
934,"[866211, 1082185, 1127831, 5568378, 1029743]"
935,"[863447, 1081177, 1127831, 901062, 1062002]"
936,"[866211, 1082185, 1029743, 899624, 883932]"
937,"[948670, 981760, 961554, 1126899, 990797]"
939,"[866211, 1082185, 1106523, 1043590, 847982]"
940,"[866211, 5568378, 859075, 1006184, 897125]"
941,"[866211, 916122, 961554, 859075, 1006184]"
942,"[866211, 1029743, 1044078, 909894, 1004906]"
943,"[823990, 1106523, 1127831, 965766, 1068719]"
944,"[866211, 1127831, 1106523, 840361, 916122]"
946,"[866211, 1127831, 981760, 951590, 1022254]"
947,"[874972, 981760, 1081177, 933835, 1106523]"
949,"[866211, 1029743, 1127831, 844179, 9527290]"
951,"[866211, 1029743, 981760, 1102959, 1042438]"
952,"[866211, 859075, 5569230, 840361, 1003188]"
953,"[866211, 1029743, 1082185, 990797, 6034857]"
954,"[866211, 1029743, 1082185, 1039156, 986912]"
955,"[866211, 1106523, 1082185, 1044078, 951590]"
956,"[874972, 1081177, 923746, 1070702, 1068719]"
957,"[863447, 1106523, 1068719, 845208, 1043590]"
959,"[866211, 1106523, 845208, 1004906, 962568]"
960,"[866211, 1082185, 878996, 965267, 857503]"
961,"[866211, 1082185, 916122, 1027569, 986912]"
964,"[866211, 1106523, 840361, 5592931, 910032]"
965,"[863447, 844179, 1044078, 923746, 5568378]"
967,"[866211, 1029743, 1082185, 1127831, 951590]"
968,"[866211, 1082185, 1029743, 1096036, 859010]"
969,"[866211, 1029743, 860975, 1071342, 947798]"
971,"[866211, 1082185, 995242, 5568378, 933835]"
972,"[866211, 862349, 961554, 1051211, 832678]"
973,"[866211, 1082185, 1127831, 986912, 1006184]"
974,"[866211, 1082185, 923746, 1101173, 908531]"
975,"[866211, 1082185, 916122, 901062, 819978]"
976,"[866211, 1127831, 1029743, 1087102, 859075]"
978,"[866211, 1082185, 1106523, 1127831, 1027569]"
979,"[866211, 1082185, 1029743, 940766, 916122]"
981,"[866211, 1082185, 995242, 1127831, 878996]"
982,"[866211, 1082185, 1029743, 1127831, 845208]"
983,"[866211, 1029743, 1044078, 834117, 933835]"
984,"[866211, 878996, 1133018, 987562, 923746]"
985,"[863447, 1029743, 962568, 916122, 923746]"
986,"[866211, 1082185, 1029743, 12810393, 1096036]"
987,"[874972, 1081177, 986912, 844179, 1004906]"
988,"[866211, 981760, 1082185, 1136257, 923746]"
989,"[866211, 1029743, 1082185, 1068719, 1081177]"
991,"[866211, 1127831, 1026118, 5585510, 6034857]"
992,"[866211, 854852, 857503, 970030, 896369]"
993,"[866211, 995242, 981760, 5569230, 908531]"
996,"[866211, 1081177, 854852, 995242, 1004906]"
997,"[866211, 981760, 1070820, 840361, 965766]"
998,"[1000753, 1082185, 1106523, 871756, 9526410]"
999,"[866211, 1029743, 1082185, 840361, 1044078]"
1000,"[866211, 1082185, 854852, 1056509, 1006184]"
1001,"[866211, 1082185, 981760, 840361, 1136257]"
1003,"[948670, 5569230, 844179, 1068719, 1082185]"
1004,"[866211, 1029743, 859075, 844165, 1096036]"
1005,"[863447, 995242, 1004906, 981760, 1042907]"
1007,"[866211, 1029743, 1127831, 1102959, 908531]"
1008,"[866211, 1053690, 1110572, 835098, 951590]"
1010,"[866211, 1082185, 1127831, 839419, 961554]"
1011,"[866211, 916122, 903325, 1128016, 985999]"
1012,"[866211, 1082185, 1127831, 1070820, 986912]"
1014,"[866211, 1082185, 1127831, 1044078, 898068]"
1015,"[866211, 1082185, 840361, 948670, 995242]"
1018,"[874972, 981760, 951590, 1127831, 1106301]"
1019,"[863447, 1106523, 840361, 986912, 1026118]"
1020,"[866211, 1082185, 1127831, 910032, 1027569]"
1021,"[866211, 981760, 1081177, 1096036, 1127831]"
1023,"[866211, 1127831, 878996, 1022097, 985999]"
1024,"[866211, 1106523, 1044078, 5569230, 823704]"
1025,"[823990, 1029743, 1044078, 5592931, 916122]"
1027,"[866211, 981760, 1082185, 1024306, 1126899]"
1029,"[866211, 1082185, 1127831, 1023720, 6034857]"
1030,"[921504, 1081177, 981760, 852856, 986912]"
1034,"[866211, 981760, 1126899, 845208, 1043590]"
1038,"[866211, 878996, 5592931, 854852, 981760]"
1039,"[866211, 1029743, 5569230, 898068, 832678]"
1040,"[866211, 916122, 1082185, 852856, 1126899]"
1041,"[863447, 1106523, 1044078, 951590, 8090537]"
1042,"[948670, 916122, 1081177, 987562, 971922]"
1043,"[866211, 1029743, 1082185, 1039156, 986912]"
1045,"[866211, 1029743, 1127831, 5568378, 1044078]"
1046,"[866211, 6034857, 1126899, 965766, 970030]"
1047,"[866211, 995242, 1081177, 5569230, 1044078]"
1050,"[866211, 1082185, 1106523, 916122, 908531]"
1051,"[921504, 1082185, 1029743, 1004906, 951590]"
1053,"[866211, 1127831, 962568, 979707, 854852]"
1057,"[866211, 1082185, 6034857, 1126899, 5585510]"
1058,"[866211, 1044078, 1081177, 1029743, 1004906]"
1060,"[874972, 995242, 916122, 819978, 1127831]"
1061,"[874972, 1106523, 1082185, 8090537, 859075]"
1062,"[866211, 995242, 844179, 12810393, 962229]"
1064,"[866211, 1127831, 916122, 859075, 840361]"
1066,"[866211, 981760, 995242, 833025, 1004906]"
1067,"[866211, 1082185, 1029743, 933835, 1096036]"
1068,"[1000753, 1044078, 986912, 871756, 951590]"
1069,"[866211, 995242, 5569230, 908531, 878996]"
1070,"[866211, 1029743, 859075, 878996, 965766]"
1071,"[866211, 1081177, 859075, 1106523, 961554]"
1073,"[866211, 995242, 916122, 965766, 1081177]"
1074,"[874972, 1029743, 1127831, 1105488, 981760]"
1075,"[866211, 995242, 844179, 986912, 1044078]"
1076,"[1038663, 1106523, 1004906, 962229, 916122]"
1077,"[866211, 995242, 840361, 835098, 832678]"
1078,"[866211, 1127831, 878996, 859075, 1004906]"
1080,"[1000753, 1029743, 844179, 916122, 5592931]"
1081,"[874972, 995242, 981760, 854852, 961554]"
1082,"[863447, 1106523, 1004906, 1006184, 987562]"
1083,"[866211, 1044078, 1081177, 1106523, 961554]"
1084,"[866211, 981760, 878996, 844179, 909894]"
1085,"[866211, 1029743, 1127831, 962568, 933835]"
1086,"[866211, 1082185, 854852, 883003, 844179]"
1087,"[866211, 1029743, 1044078, 833025, 965766]"
1088,"[866211, 1068719, 1106523, 1051211, 12301109]"
1089,"[866211, 1029743, 1027569, 1014948, 985893]"
1090,"[866211, 916122, 1127831, 844179, 835098]"
1091,"[866211, 1029743, 981760, 916122, 1127831]"
1092,"[866211, 859075, 1096036, 871756, 833025]"
1093,"[866211, 1004906, 1029743, 859075, 9526410]"
1094,"[866211, 1029743, 981760, 5569230, 979707]"
1096,"[866211, 878996, 962568, 1082185, 993638]"
1097,"[866211, 1106523, 878996, 913210, 923746]"
1098,"[866211, 1127831, 1082185, 1023720, 1081177]"
1100,"[866211, 1085604, 1029743, 1110572, 1108168]"
1102,"[866211, 1082185, 878996, 1029743, 1023720]"
1103,"[866211, 1029743, 5569230, 903325, 839419]"
1104,"[866211, 1082185, 1127831, 986912, 852856]"
1105,"[866211, 1058997, 1082185, 1024306, 1039156]"
1106,"[866211, 1082185, 916122, 1102959, 1133018]"
1108,"[866211, 1082185, 1018740, 1057260, 852856]"
1109,"[948670, 981760, 961554, 859075, 962568]"
1110,"[863447, 854852, 859075, 823704, 8090537]"
1111,"[863447, 1082185, 1106523, 844179, 12810393]"
1112,"[866211, 1082185, 1081177, 1006184, 854852]"
1113,"[948670, 1127831, 1082185, 981760, 903325]"
1114,"[874972, 859075, 12810393, 8090537, 951190]"
1115,"[866211, 995242, 916122, 5569471, 951412]"
1117,"[1038663, 1106523, 5569230, 993638, 844179]"
1119,"[866211, 995242, 844179, 9527290, 1077555]"
1120,"[866211, 981760, 1127831, 995242, 909894]"
1121,"[866211, 1029743, 961554, 1051211, 1082185]"
1123,"[866211, 981760, 1081177, 845208, 844179]"
1124,"[866211, 1106523, 844179, 5568378, 9526410]"
1127,"[866211, 1029743, 981760, 1082185, 916122]"
1128,"[866211, 981760, 1106523, 1136257, 897125]"
1129,"[866211, 1127831, 961554, 1058997, 923746]"
1130,"[866211, 1082185, 923746, 1044078, 1133018]"
1131,"[866211, 1029743, 981760, 844179, 987562]"
1132,"[866211, 1044078, 1004906, 1101173, 1096036]"
1133,"[866211, 1082185, 981760, 1029743, 1027569]"
1134,"[866211, 1082185, 1106523, 916122, 1024306]"
1135,"[866211, 1029743, 981760, 840361, 1096036]"
1136,"[866211, 1106523, 5569230, 845208, 962229]"
1137,"[1000753, 1082185, 995242, 909894, 823704]"
1138,"[866211, 1106523, 1053690, 923746, 859010]"
1139,"[866211, 1081177, 878996, 916122, 1004906]"
1141,"[866211, 1029743, 1044078, 1096036, 1110572]"
1142,"[866211, 1082185, 916122, 12810393, 840361]"
1145,"[866211, 1106523, 878996, 1068719, 9527290]"
1146,"[874972, 1029743, 981760, 845208, 1004906]"
1147,"[866211, 1106523, 854852, 844179, 1074754]"
1149,"[866211, 1024306, 5569230, 965267, 1082185]"
1151,"[874972, 1106523, 923746, 1044078, 832678]"
1152,"[866211, 1029743, 951590, 9526410, 847982]"
1154,"[866211, 1106523, 981760, 898068, 5569230]"
1155,"[863447, 878996, 1044078, 859075, 12810393]"
1157,"[874972, 981760, 916122, 1029743, 995965]"
1158,"[948670, 1106523, 854852, 1082185, 1004906]"
1159,"[866211, 1082185, 878996, 962568, 1081177]"
1160,"[866211, 1106523, 1044078, 833025, 1082185]"
1161,"[866211, 981760, 995242, 835098, 1136257]"
1163,"[866211, 1082185, 1029743, 1004906, 840361]"
1164,"[948670, 1082185, 961554, 862349, 903325]"
1166,"[866211, 1029743, 1082185, 859075, 844179]"
1167,"[866211, 1082185, 1127831, 913210, 5568378]"
1168,"[866211, 1106523, 916122, 1082185, 908531]"
1169,"[866211, 1082185, 859075, 1096036, 923746]"
1171,"[866211, 1029743, 981760, 913210, 893018]"
1172,"[1038663, 1029743, 981760, 1068719, 1081177]"
1174,"[866211, 1106523, 981760, 9245106, 845208]"
1175,"[863447, 1082185, 854852, 824005, 916122]"
1176,"[866211, 1029743, 1082185, 1039156, 986912]"
1178,"[863447, 995242, 1004906, 845208, 1068719]"
1179,"[866211, 995242, 981760, 844179, 899624]"
1180,"[866211, 1029743, 923746, 859075, 1096036]"
1182,"[866211, 1044078, 1106523, 965766, 1068719]"
1183,"[866211, 1029743, 1082185, 1127831, 951590]"
1185,"[863447, 1106523, 844179, 965766, 845208]"
1186,"[866211, 1082185, 1127831, 878996, 930118]"
1187,"[823990, 1106523, 1044078, 830887, 951590]"
1188,"[866211, 878996, 1044078, 873203, 965766]"
1189,"[866211, 1106523, 1053690, 838186, 1042438]"
1190,"[866211, 1029743, 1127831, 916122, 840361]"
1191,"[866211, 995242, 916122, 5569230, 5568378]"
1192,"[866211, 1133018, 859075, 913785, 909894]"
1193,"[866211, 1082185, 1004906, 1053690, 951590]"
1194,"[866211, 1044078, 1096036, 1133018, 840361]"
1195,"[866211, 1053690, 995242, 1075368, 1102959]"
1196,"[866211, 878996, 854852, 1127831, 9527290]"
1197,"[866211, 1029743, 981760, 823704, 1112238]"
1198,"[874972, 1082185, 1024306, 878996, 6034857]"
1201,"[866211, 8090537, 1127831, 1029743, 1053690]"
1202,"[866211, 845208, 1082185, 1136257, 952163]"
1203,"[866211, 1082185, 1106523, 831628, 844179]"
1204,"[866211, 1106523, 1044078, 987562, 962229]"
1205,"[874972, 1029743, 1044078, 951590, 8090537]"
1206,"[1000753, 1106523, 981760, 916122, 844179]"
1207,"[866211, 1024306, 878996, 8090537, 981760]"
1208,"[866211, 1082185, 1096036, 1044078, 913785]"
1209,"[866211, 986912, 1029743, 1135476, 957951]"
1210,"[866211, 1082185, 878996, 857503, 903325]"
1211,"[866211, 981760, 1127831, 6034857, 871756]"
1214,"[866211, 1029743, 1082185, 1039156, 986912]"
1216,"[921504, 1082185, 995242, 819978, 5569230]"
1217,"[866211, 1029743, 1004906, 8090521, 1024306]"
1218,"[874972, 1082185, 1127831, 965766, 1029743]"
1219,"[866211, 962568, 844179, 965267, 859075]"
1221,"[948670, 1029743, 1082185, 981760, 1116821]"
1222,"[866211, 1106523, 916122, 914190, 1044078]"
1223,"[1038663, 1106523, 5569230, 5592931, 1043590]"
1224,"[866211, 1004906, 1068719, 1043590, 995242]"
1225,"[866211, 1106523, 1127831, 916122, 5592931]"
1226,"[866211, 1082185, 1127831, 834117, 833025]"
1227,"[874972, 840361, 854852, 1133018, 1070702]"
1228,"[866211, 1106523, 981760, 962568, 1127831]"
1229,"[863447, 1127831, 916122, 880150, 854852]"
1230,"[874972, 1106523, 1044078, 1037863, 1070702]"
1231,"[866211, 1082185, 1029743, 962568, 981760]"
1234,"[866211, 995242, 844179, 1004906, 9245106]"
1236,"[1038663, 981760, 5569230, 854852, 957951]"
1238,"[866211, 995242, 916122, 878996, 1004906]"
1240,"[948670, 1082185, 981760, 970030, 903325]"
1241,"[866211, 1029743, 981760, 838186, 987562]"
1242,"[866211, 1082185, 916122, 840361, 1127831]"
1245,"[863447, 1133018, 923746, 1068719, 834117]"
1246,"[866211, 878996, 1126899, 1082185, 819978]"
1247,"[866211, 1029743, 1127831, 883932, 1024306]"
1248,"[866211, 1082185, 1106523, 819978, 951590]"
1249,"[823990, 1106523, 916122, 12810393, 910032]"
1252,"[866211, 1127831, 854852, 903325, 923746]"
1255,"[866211, 1106523, 5569471, 1056509, 936594]"
1256,"[863447, 878996, 854852, 979707, 986912]"
1257,"[866211, 1127831, 878996, 824005, 1026118]"
1258,"[866211, 854852, 844179, 1127831, 9526410]"
1259,"[863447, 1082185, 1127831, 1058997, 844179]"
1260,"[866211, 1082185, 1127831, 823990, 1023720]"
1261,"[866211, 1082185, 878996, 852856, 1006184]"
1262,"[866211, 878996, 1004906, 916122, 835098]"
1263,"[866211, 1029743, 878996, 1006184, 910032]"
1264,"[874972, 1029743, 859075, 5569230, 897306]"
1265,"[866211, 1082185, 995242, 981760, 1127831]"
1266,"[863447, 1133018, 9526410, 834117, 923746]"
1267,"[866211, 916122, 1081177, 903325, 862349]"
1269,"[874972, 1082185, 961554, 1044078, 1029743]"
1270,"[866211, 1082185, 1106523, 873627, 1081177]"
1271,"[866211, 1082185, 1029743, 962568, 961554]"
1272,"[863447, 916122, 1127831, 5568378, 1040807]"
1274,"[866211, 995242, 981760, 1127831, 910032]"
1277,"[866211, 1106523, 1081177, 8090537, 5568378]"
1278,"[863447, 916122, 1106523, 845208, 1127831]"
1279,"[866211, 1082185, 1106523, 1004906, 923746]"
1280,"[866211, 1058997, 1106301, 985893, 1050851]"
1281,"[866211, 1081177, 1004906, 840361, 5592931]"
1282,"[866211, 981760, 1106523, 965766, 1004906]"
1283,"[866211, 1004906, 981760, 844179, 1069621]"
1284,"[866211, 1004906, 1096036, 951590, 9526410]"
1285,"[866211, 1106523, 916122, 1004906, 1138443]"
1287,"[921504, 854852, 1133018, 879528, 883932]"
1288,"[866211, 1082185, 923746, 870547, 1012587]"
1289,"[866211, 1029743, 5569230, 838186, 981760]"
1290,"[866211, 1081177, 1133018, 979707, 916122]"
1291,"[874972, 1106523, 981760, 823704, 835098]"
1293,"[866211, 1044078, 1004906, 995242, 844179]"
1294,"[866211, 878996, 916122, 961554, 976199]"
1295,"[874972, 1029743, 859075, 951190, 1122358]"
1296,"[866211, 995242, 981760, 987562, 840361]"
1297,"[866211, 1082185, 1127831, 916122, 981760]"
1298,"[866211, 1004906, 995242, 987724, 1127831]"
1299,"[866211, 1029743, 1082185, 962568, 1004906]"
1300,"[921504, 1106523, 1082185, 1026118, 5592931]"
1303,"[866211, 1029743, 859075, 1027569, 913210]"
1304,"[866211, 1029743, 923746, 1026118, 1028816]"
1305,"[866211, 1029743, 5569230, 1082185, 845208]"
1306,"[921504, 1029743, 844179, 12810393, 859075]"
1307,"[866211, 1127831, 986912, 854852, 1024306]"
1310,"[866211, 916122, 1081177, 833025, 854852]"
1312,"[866211, 1127831, 878996, 1126899, 916122]"
1313,"[874972, 1127831, 1082185, 859075, 845208]"
1314,"[874972, 1029743, 1082185, 857503, 903325]"
1316,"[866211, 1029743, 1082185, 1127831, 965766]"
1317,"[866211, 1029743, 916122, 1068719, 947798]"
1318,"[866211, 878996, 854852, 1022097, 981760]"
1319,"[866211, 1082185, 878996, 916122, 844179]"
1321,"[866211, 1127831, 1106523, 12810393, 1096036]"
1325,"[866211, 961554, 1081177, 930118, 903325]"
1326,"[866211, 1029743, 1082185, 962568, 8090521]"
1328,"[866211, 1029743, 859075, 1037863, 895166]"
1329,"[866211, 844179, 1127831, 986912, 1023720]"
1330,"[1000753, 5569230, 1106523, 916122, 819978]"
1331,"[866211, 1029743, 1068719, 845208, 961554]"
1332,"[866211, 981760, 1082185, 961554, 824005]"
1333,"[866211, 878996, 1082185, 985999, 893018]"
1334,"[866211, 1044078, 8090537, 1138189, 5592931]"
1335,"[866211, 961554, 878996, 6034857, 930118]"
1336,"[863447, 981760, 916122, 9526410, 844179]"
1337,"[866211, 1082185, 1029743, 1127831, 1096036]"
1338,"[863447, 1106523, 1044078, 844165, 999858]"
1340,"[866211, 995242, 1068719, 821083, 916122]"
1342,"[866211, 1024306, 986912, 861445, 965267]"
1343,"[866211, 1085604, 1029743, 1110572, 1108168]"
1344,"[866211, 1082185, 1029743, 923746, 981760]"
1346,"[866211, 1127831, 1081177, 916122, 1058997]"
1347,"[866211, 1029743, 844179, 961554, 947798]"
1350,"[863447, 1029743, 981760, 845208, 5568378]"
1351,"[866211, 1106523, 860975, 828867, 831628]"
1352,"[866211, 1127831, 1004906, 844179, 916122]"
1353,"[874972, 995242, 844179, 5569230, 839419]"
1354,"[866211, 995242, 878996, 916122, 852856]"
1355,"[866211, 871756, 1022254, 1043751, 1000753]"
1356,"[874972, 981760, 854852, 878996, 1070820]"
1357,"[866211, 1096036, 5569230, 1102959, 1070820]"
1358,"[866211, 995242, 1082185, 1096036, 908531]"
1359,"[1000753, 995242, 981760, 893018, 985999]"
1360,"[866211, 930118, 1065593, 1039156, 862349]"
1361,"[866211, 878996, 916122, 995242, 854852]"
1362,"[866211, 1127831, 878996, 1082185, 852856]"
1363,"[866211, 1082185, 1029743, 1065593, 1132771]"
1364,"[866211, 1029743, 844179, 916122, 12810393]"
1366,"[866211, 1081177, 1096036, 854852, 1058997]"
1367,"[863447, 1082185, 981760, 8090521, 1127831]"
1368,"[866211, 1082185, 916122, 874972, 834117]"
1369,"[866211, 1082185, 981760, 901062, 1058997]"
1370,"[874972, 1106523, 844179, 1004906, 12810393]"
1373,"[866211, 6034857, 1004906, 5569230, 857503]"
1374,"[866211, 1106523, 1082185, 951590, 880150]"
1375,"[866211, 1029743, 1127831, 962568, 987562]"
1376,"[866211, 1029743, 1127831, 840361, 1051211]"
1378,"[866211, 1082185, 1127831, 878996, 1081177]"
1379,"[921504, 1082185, 1029743, 1040807, 903325]"
1380,"[866211, 878996, 1029743, 1082185, 1081177]"
1381,"[866211, 1106523, 1082185, 828867, 1004906]"
1382,"[866211, 1029743, 1082185, 1044078, 844179]"
1383,"[866211, 1082185, 961554, 5585510, 1053690]"
1384,"[866211, 1004906, 844179, 916122, 1106523]"
1385,"[1038663, 1029743, 981760, 5569230, 833025]"
1387,"[866211, 878996, 844179, 916122, 821083]"
1388,"[866211, 1068719, 981760, 1127831, 1082185]"
1389,"[866211, 981760, 986912, 878996, 1023720]"
1390,"[866211, 1029743, 5569230, 961554, 979707]"
1391,"[1000753, 1082185, 1004906, 1018740, 1000237]"
1393,"[866211, 1127831, 1082185, 916122, 961554]"
1394,"[866211, 878996, 1081177, 1027569, 1004906]"
1395,"[866211, 1058997, 965766, 908531, 993638]"
1397,"[863447, 1082185, 1106523, 12810393, 12301100]"
1398,"[866211, 844179, 986912, 5569471, 1136257]"
1399,"[866211, 1082185, 995242, 1127831, 909894]"
1401,"[866211, 1044078, 878996, 1068719, 844179]"
1402,"[866211, 981760, 1106523, 923746, 821083]"
1403,"[874972, 5569230, 1127831, 1106523, 916122]"
1405,"[866211, 844179, 1029743, 854852, 823704]"
1406,"[866211, 1082185, 1029743, 903325, 1127831]"
1408,"[866211, 1029743, 951590, 1082185, 1053690]"
1409,"[863447, 1082185, 923746, 844179, 981760]"
1410,"[866211, 1029743, 1044078, 1024306, 833025]"
1412,"[874972, 1029743, 916122, 1068719, 898068]"
1413,"[866211, 1044078, 1082185, 1029743, 1043590]"
1414,"[866211, 1126899, 1082185, 1037332, 860975]"
1417,"[866211, 1106523, 1096036, 831628, 913210]"
1418,"[948670, 1082185, 878996, 5569230, 1070820]"
1419,"[866211, 1106523, 1044078, 859075, 908531]"
1421,"[874972, 1029743, 981760, 5569845, 835098]"
1423,"[866211, 1082185, 1004906, 839419, 995242]"
1425,"[866211, 1029743, 5569230, 1004906, 1096036]"
1426,"[874972, 916122, 1029743, 903325, 961554]"
1427,"[866211, 995242, 923746, 961554, 1127831]"
1428,"[866211, 1029743, 1127831, 9526410, 899624]"
1429,"[948670, 1126899, 878996, 923746, 903325]"
1430,"[866211, 1029743, 1082185, 819978, 844179]"
1431,"[1000753, 916122, 5569230, 1053690, 844179]"
1434,"[866211, 1127831, 995242, 12301109, 819978]"
1437,"[866211, 995242, 1044078, 859075, 981760]"
1440,"[921504, 1106523, 859075, 9527290, 951590]"
1443,"[866211, 1133018, 1053690, 10344585, 1081177]"
1445,"[866211, 1127831, 995242, 962568, 1006184]"
1447,"[866211, 844165, 898068, 1029743, 9526410]"
1450,"[866211, 1096036, 995242, 1102959, 903325]"
1451,"[866211, 1082185, 1127831, 923746, 951590]"
1452,"[866211, 1029743, 1053690, 986912, 987562]"
1453,"[866211, 1127831, 995242, 9526410, 986912]"
1454,"[866211, 1082185, 1029743, 1027569, 1006184]"
1457,"[863447, 1106523, 1044078, 1037863, 899624]"
1458,"[874972, 845208, 1004906, 962568, 1044078]"
1459,"[866211, 844179, 995242, 913785, 830887]"
1461,"[866211, 1029743, 1082185, 5585510, 909894]"
1462,"[1000753, 995242, 1127831, 985999, 916122]"
1463,"[866211, 1044078, 986912, 993638, 987724]"
1464,"[874972, 916122, 854852, 832678, 1044078]"
1465,"[863447, 878996, 916122, 872137, 1039156]"
1466,"[866211, 1029743, 916122, 854852, 835098]"
1467,"[866211, 986912, 5568378, 1070820, 8090521]"
1470,"[866211, 1029743, 981760, 852856, 951590]"
1471,"[866211, 962568, 1027569, 913210, 1039156]"
1473,"[866211, 1127831, 961554, 854852, 962568]"
1474,"[866211, 1106523, 844179, 5569230, 1074754]"
1475,"[866211, 1082185, 981760, 903325, 1024306]"
1476,"[866211, 995242, 1004906, 5568729, 1022097]"
1479,"[866211, 1029743, 1082185, 870547, 986912]"
1480,"[866211, 1044078, 844179, 1029743, 1082185]"
1481,"[866211, 995242, 1127831, 981760, 1106301]"
1483,"[866211, 5569230, 1004906, 981760, 1029624]"
1484,"[866211, 1127831, 1004906, 859075, 1105488]"
1485,"[866211, 1106523, 1082185, 990797, 5569230]"
1487,"[866211, 5569230, 1029743, 12810393, 916122]"
1488,"[866211, 1082185, 923746, 844179, 5568378]"
1489,"[866211, 1082185, 1029743, 965766, 9245106]"
1490,"[866211, 995242, 916122, 1070702, 995965]"
1491,"[866211, 1029743, 1082185, 987562, 844179]"
1492,"[866211, 995242, 1024306, 962568, 1082185]"
1493,"[866211, 1106523, 923746, 833025, 8090521]"
1494,"[863447, 995242, 1044078, 845208, 844179]"
1495,"[863447, 1081177, 986912, 1082185, 1068719]"
1499,"[921504, 1082185, 981760, 995242, 961554]"
1500,"[866211, 1029743, 1004906, 1044078, 844179]"
1501,"[866211, 1082185, 961554, 1029743, 839419]"
1502,"[866211, 854852, 1027569, 862349, 859010]"
1506,"[1000753, 1044078, 1004906, 840361, 1081177]"
1507,"[866211, 1106523, 899624, 923746, 1068719]"
1508,"[921504, 981760, 1126899, 6034857, 909894]"
1509,"[866211, 1029743, 1082185, 951590, 930118]"
1510,"[948670, 878996, 962568, 883932, 1133018]"
1511,"[1000753, 1106523, 1082185, 9527290, 933835]"
1512,"[866211, 981760, 1029743, 834117, 1127831]"
1513,"[874972, 1029743, 916122, 940947, 1053690]"
1514,"[866211, 1082185, 1081177, 961554, 1058997]"
1515,"[874972, 981760, 1082185, 995242, 1096036]"
1517,"[866211, 1082185, 981760, 951590, 965267]"
1518,"[863447, 1029743, 1127831, 874972, 1024306]"
1519,"[866211, 5569230, 916122, 1004906, 903325]"
1520,"[863447, 1029743, 1127831, 878996, 5568378]"
1521,"[866211, 995242, 1004906, 908531, 940947]"
1523,"[866211, 840361, 1029743, 1082185, 1056509]"
1524,"[866211, 878996, 1082185, 1126899, 6034857]"
1525,"[866211, 995242, 1082185, 863447, 832678]"
1526,"[866211, 1127831, 1133018, 859075, 844179]"
1527,"[866211, 1082185, 1029743, 854852, 840361]"
1528,"[866211, 1029743, 1082185, 961554, 878996]"
1529,"[866211, 1106523, 1044078, 1127831, 899624]"
1530,"[866211, 1082185, 1081177, 1127831, 901062]"
1531,"[866211, 1082185, 916122, 840361, 1068719]"
1532,"[866211, 5569471, 962568, 821083, 1024306]"
1533,"[866211, 1127831, 986912, 1102959, 1070820]"
1534,"[866211, 1127831, 916122, 830887, 824005]"
1535,"[866211, 1106523, 981760, 1037863, 1043590]"
1536,"[866211, 1029743, 1081177, 844179, 8090521]"
1537,"[866211, 1106523, 878996, 1082185, 1138189]"
1539,"[866211, 1029743, 1082185, 1039156, 986912]"
1540,"[1038663, 1106523, 859075, 965766, 951590]"
1541,"[866211, 1082185, 1029743, 916122, 12301109]"
1542,"[866211, 916122, 1004906, 1106523, 961554]"
1543,"[866211, 1029743, 981760, 5569230, 845208]"
1545,"[866211, 1106523, 1127831, 1004906, 871756]"
1546,"[823990, 995242, 916122, 840361, 833025]"
1547,"[948670, 995242, 962568, 951590, 5569327]"
1548,"[866211, 995242, 916122, 1053690, 907631]"
1549,"[866211, 1106523, 986912, 981760, 1044078]"
1550,"[866211, 1044078, 1133018, 840361, 913785]"
1552,"[866211, 1029743, 1004906, 854852, 951590]"
1553,"[866211, 1029743, 1082185, 1039156, 986912]"
1555,"[948670, 995242, 986912, 951590, 1044078]"
1556,"[866211, 1082185, 995242, 1127831, 901062]"
1557,"[866211, 1082185, 1127831, 909714, 901062]"
1558,"[866211, 1082185, 995242, 12301109, 859075]"
1559,"[866211, 916122, 1106523, 951590, 5569230]"
1560,"[874972, 1029743, 916122, 859075, 1082185]"
1563,"[866211, 981760, 1029743, 5568729, 903325]"
1564,"[866211, 840361, 854852, 1044078, 936594]"
1566,"[874972, 1082185, 995242, 923746, 1096036]"
1567,"[866211, 1082185, 1127831, 1023720, 835098]"
1568,"[874972, 1082185, 923746, 859075, 8065410]"
1569,"[866211, 995242, 878996, 1044078, 979707]"
1570,"[866211, 1127831, 995242, 908318, 961554]"
1571,"[866211, 1027569, 1051211, 844165, 913210]"
1572,"[866211, 1126899, 916122, 897125, 965766]"
1575,"[866211, 1127831, 878996, 862349, 916122]"
1576,"[866211, 995242, 923746, 1037863, 987562]"
1577,"[866211, 1029743, 916122, 893018, 5569230]"
1578,"[866211, 1029743, 916122, 987724, 1068719]"
1579,"[866211, 1029743, 1127831, 1116821, 1004906]"
1580,"[866211, 1029743, 916122, 939636, 878996]"
1581,"[866211, 1029743, 916122, 981760, 962568]"
1584,"[866211, 1029743, 981760, 1053690, 1096036]"
1585,"[866211, 1082185, 5569230, 916122, 9527290]"
1587,"[866211, 1029743, 859075, 5568378, 854852]"
1588,"[866211, 1082185, 1127831, 878996, 916122]"
1590,"[866211, 1127831, 1081177, 1026118, 965766]"
1591,"[1038663, 1127831, 1082185, 981760, 845208]"
1592,"[866211, 859075, 916122, 1024306, 5569230]"
1593,"[866211, 1029743, 1082185, 908318, 986912]"
1594,"[863447, 1106523, 1082185, 845208, 8090537]"
1595,"[874972, 981760, 5568378, 1006184, 908318]"
1596,"[866211, 878996, 1004906, 916122, 1028816]"
1598,"[866211, 1082185, 1029743, 883932, 899624]"
1599,"[866211, 1004906, 1068719, 823990, 845208]"
1600,"[866211, 1106523, 859075, 832678, 914190]"
1602,"[866211, 1082185, 1029743, 1023720, 878996]"
1604,"[866211, 1044078, 1051211, 832678, 9526410]"
1607,"[866211, 5569230, 1127831, 1082185, 1006184]"
1608,"[863447, 1081177, 878996, 1106523, 1026118]"
1609,"[866211, 1082185, 1029743, 1127831, 951590]"
1611,"[866211, 1029743, 1026118, 1050851, 824005]"
1612,"[866211, 1082185, 1127831, 824005, 878996]"
1614,"[866211, 1082185, 1106523, 878996, 1037863]"
1618,"[866211, 1082185, 1127831, 903325, 1077555]"
1619,"[866211, 1082185, 1127831, 965267, 916122]"
1620,"[866211, 1106523, 1044078, 859075, 847982]"
1621,"[866211, 1106523, 1127831, 1044078, 1096036]"
1622,"[866211, 1082185, 1029743, 854852, 878996]"
1623,"[866211, 1106523, 1044078, 9526410, 951590]"
1624,"[823990, 1082185, 5569230, 835098, 1068719]"
1627,"[866211, 1082185, 1029743, 962568, 916122]"
1628,"[866211, 1029743, 1082185, 1127831, 951590]"
1630,"[866211, 1082185, 1106523, 823990, 937292]"
1631,"[866211, 1029743, 1044078, 880150, 839419]"
1632,"[866211, 1082185, 1096036, 1070820, 961554]"
1633,"[874972, 1082185, 1029743, 823704, 878996]"
1634,"[866211, 1082185, 1029743, 981760, 897125]"
1636,"[866211, 1106523, 845208, 923746, 962568]"
1637,"[866211, 986912, 1053690, 883932, 1136257]"
1638,"[866211, 1127831, 1004906, 981760, 1058997]"
1640,"[866211, 1106523, 1082185, 1101010, 9526411]"
1641,"[866211, 854852, 1126899, 1081177, 987562]"
1642,"[866211, 1082185, 1106523, 981760, 916122]"
1643,"[863447, 1106523, 916122, 1096036, 5569327]"
1644,"[866211, 854852, 961554, 831628, 1087102]"
1645,"[866211, 878996, 1127831, 6034857, 951412]"
1646,"[866211, 981760, 859075, 983584, 834117]"
1647,"[866211, 981760, 862349, 948670, 995965]"
1648,"[823990, 1082185, 1106523, 1044078, 916122]"
1649,"[866211, 1082185, 916122, 965766, 878996]"
1650,"[866211, 1082185, 962568, 878996, 854852]"
1651,"[866211, 6034857, 878996, 1023720, 962568]"
1652,"[866211, 883003, 1132771, 1138189, 1138443]"
1653,"[866211, 1082185, 1029743, 5569230, 859075]"
1654,"[866211, 878996, 961554, 1082185, 1024306]"
1657,"[866211, 1106523, 1053690, 1068719, 1037863]"
1658,"[874972, 981760, 916122, 979707, 844179]"
1659,"[866211, 1029743, 1127831, 970030, 1101173]"
1660,"[866211, 923746, 962568, 986912, 993638]"
1662,"[866211, 1127831, 916122, 831628, 1126899]"
1663,"[866211, 1127831, 1027569, 1029743, 1062128]"
1664,"[874972, 1044078, 981760, 1051211, 8090537]"
1665,"[866211, 986912, 6034857, 859075, 847982]"
1666,"[921504, 1127831, 1081177, 898068, 1068719]"
1668,"[874972, 1106523, 1068719, 898068, 1082185]"
1669,"[866211, 1126899, 857503, 839419, 1037332]"
1672,"[866211, 1082185, 5569230, 1044078, 1127831]"
1673,"[863447, 981760, 1106523, 1082185, 859075]"
1676,"[921504, 878996, 1082185, 845208, 903325]"
1677,"[866211, 1029743, 1082185, 844179, 5569230]"
1680,"[1000753, 916122, 1004906, 1096036, 859075]"
1683,"[866211, 5569471, 878996, 976199, 840361]"
1684,"[874972, 1106523, 981760, 8090521, 1053690]"
1685,"[866211, 1029743, 5569230, 962568, 840361]"
1686,"[866211, 1106523, 986912, 844179, 870547]"
1687,"[1000753, 1127831, 878996, 976199, 1058997]"
1688,"[866211, 1029743, 1044078, 840361, 962229]"
1689,"[1000753, 995242, 1004906, 1096036, 5569230]"
1690,"[866211, 951590, 1068719, 1051211, 1106523]"
1692,"[866211, 1044078, 1029743, 987562, 834117]"
1693,"[866211, 1082185, 1127831, 9526410, 845208]"
1694,"[866211, 844179, 1044078, 859075, 9526410]"
1695,"[866211, 1102959, 1102949, 1024306, 1039156]"
1696,"[866211, 840361, 1024306, 1082185, 1006184]"
1697,"[866211, 1044078, 1029743, 990797, 910032]"
1698,"[866211, 1082185, 1044078, 1043590, 923746]"
1699,"[874972, 1133018, 840361, 983584, 847982]"
1700,"[866211, 844179, 5568378, 870547, 940766]"
1701,"[866211, 995242, 5569230, 1006184, 1081177]"
1703,"[863447, 1106523, 923746, 859075, 981760]"
1704,"[866211, 923746, 987562, 833025, 5592931]"
1705,"[866211, 995242, 1004906, 1044078, 1096317]"
1706,"[866211, 962568, 961554, 859075, 903325]"
1707,"[874972, 995242, 5569230, 923746, 9527290]"
1708,"[866211, 1127831, 995242, 12810393, 1082185]"
1709,"[866211, 840361, 1106523, 1136257, 5569471]"
1710,"[866211, 1082185, 1029743, 1068719, 12810393]"
1712,"[866211, 1082185, 840361, 901062, 909894]"
1713,"[866211, 1082185, 951590, 828867, 5569230]"
1715,"[866211, 981760, 961554, 970030, 1058997]"
1716,"[866211, 995242, 1004906, 1068719, 839419]"
1717,"[1000753, 1029743, 962568, 878996, 871756]"
1718,"[866211, 1004906, 840361, 961554, 1071342]"
1719,"[866211, 1106523, 923746, 5569230, 908531]"
1720,"[866211, 916122, 878996, 12301405, 835098]"
1721,"[1000753, 1106523, 1027569, 987562, 839419]"
1722,"[823990, 1127831, 844179, 878996, 857503]"
1723,"[866211, 878996, 1004906, 845208, 1023720]"
1724,"[866211, 1127831, 1106523, 981760, 824005]"
1726,"[866211, 1127831, 878996, 6034857, 916122]"
1728,"[1000753, 1029743, 1096036, 859075, 981760]"
1729,"[866211, 1127831, 5568378, 1053690, 899624]"
1730,"[866211, 1108168, 1029743, 1085604, 871756]"
1731,"[866211, 1082185, 1106523, 5568378, 1044078]"
1732,"[863447, 1029743, 1082185, 859075, 898068]"
1733,"[863447, 1004906, 844179, 986912, 923746]"
1734,"[866211, 5569230, 1026118, 962229, 854852]"
1735,"[874972, 981760, 995242, 833025, 870547]"
1737,"[866211, 1082185, 961554, 840361, 878996]"
1738,"[823990, 1044078, 1004906, 819978, 1106523]"
1739,"[1038663, 1106523, 965766, 962229, 1051323]"
1740,"[866211, 1127831, 878996, 859075, 6034857]"
1742,"[1000753, 1044078, 12810393, 844179, 871756]"
1743,"[866211, 1004906, 859075, 845208, 1106523]"
1745,"[1038663, 1106523, 854852, 1006184, 1081177]"
1747,"[866211, 1106523, 962568, 899624, 859075]"
1748,"[866211, 1106523, 844179, 910032, 1044078]"
1749,"[874972, 1029743, 854852, 961554, 913210]"
1750,"[866211, 1082185, 916122, 12810393, 981760]"
1751,"[866211, 5569230, 1004906, 987562, 1043590]"
1752,"[863447, 1106523, 1044078, 951590, 1127831]"
1753,"[866211, 1106523, 986912, 1136257, 8090537]"
1754,"[866211, 1029743, 5569230, 833025, 12810393]"
1755,"[866211, 859075, 916122, 1127831, 1101173]"
1756,"[866211, 1106523, 923746, 962568, 1101173]"
1758,"[866211, 1082185, 1127831, 5569471, 923746]"
1759,"[863447, 1044078, 1082185, 840361, 839419]"
1760,"[866211, 1029743, 1004906, 1082185, 986912]"
1761,"[863447, 854852, 1133018, 1026118, 1137775]"
1762,"[866211, 1082185, 1029743, 878996, 833025]"
1763,"[866211, 1082185, 1106523, 923746, 962568]"
1764,"[866211, 1127831, 1004906, 962568, 844179]"
1765,"[863447, 916122, 844179, 951590, 908531]"
1766,"[866211, 1081177, 1044078, 5592931, 1058779]"
1767,"[866211, 1106523, 1082185, 854852, 1096036]"
1768,"[866211, 1024306, 899624, 839419, 857503]"
1769,"[866211, 981760, 995242, 847982, 916122]"
1770,"[866211, 1082185, 995242, 1127831, 840361]"
1773,"[866211, 916122, 840361, 834117, 995965]"
1774,"[863447, 1004906, 1106523, 883003, 12810393]"
1775,"[866211, 1082185, 1127831, 1126899, 863447]"
1776,"[866211, 1082185, 878996, 1004906, 981760]"
1778,"[866211, 1029743, 1127831, 859075, 844179]"
1779,"[866211, 1004906, 878996, 1082185, 1101010]"
1780,"[866211, 916122, 1044078, 1039156, 859075]"
1781,"[866211, 878996, 1127831, 916122, 1029743]"
1783,"[866211, 1029743, 1127831, 1082185, 6034857]"
1784,"[866211, 1127831, 1082185, 1126899, 961554]"
1785,"[948670, 1127831, 878996, 901062, 962568]"
1787,"[866211, 981760, 859075, 845208, 916122]"
1788,"[866211, 995242, 854852, 1026118, 979707]"
1789,"[866211, 1081177, 987562, 1027569, 1044078]"
1790,"[823990, 1082185, 1004906, 834117, 916122]"
1791,"[866211, 995242, 916122, 1044078, 1096036]"
1792,"[866211, 1106523, 5569230, 859075, 1039156]"
1793,"[866211, 878996, 1106523, 1050851, 9526410]"
1794,"[866211, 1106523, 5569230, 1082185, 1053690]"
1795,"[866211, 878996, 1082185, 1068719, 5569327]"
1796,"[866211, 1029743, 965766, 898068, 947798]"
1797,"[866211, 854852, 981760, 995242, 970030]"
1798,"[866211, 1029743, 916122, 909714, 961554]"
1800,"[866211, 1082185, 1058997, 908531, 834117]"
1801,"[866211, 921744, 1050851, 1054262, 1085604]"
1802,"[866211, 1127831, 854852, 1082185, 923746]"
1803,"[866211, 1029743, 5569230, 951590, 1081177]"
1804,"[866211, 1029743, 1127831, 1006184, 5569230]"
1805,"[948670, 834117, 852856, 957736, 1082185]"
1806,"[866211, 1029743, 1096036, 979707, 839419]"
1807,"[866211, 1127831, 1082185, 995965, 857503]"
1808,"[866211, 1029743, 1053690, 1127831, 1110572]"
1809,"[863447, 995242, 981760, 1004906, 987562]"
1810,"[866211, 995242, 1024306, 957951, 833025]"
1811,"[866211, 1106523, 1004906, 1068719, 844179]"
1812,"[866211, 1082185, 1024306, 1126899, 840361]"
1814,"[866211, 1029743, 1081177, 840361, 976199]"
1815,"[866211, 1029743, 1004906, 5569230, 923746]"
1816,"[863447, 1082185, 995242, 916122, 908531]"
1817,"[866211, 995242, 1082185, 981760, 874972]"
1818,"[866211, 1092026, 1082212, 885863, 1029743]"
1821,"[866211, 1082185, 1106523, 833025, 899624]"
1822,"[866211, 1029743, 1081177, 833025, 5592931]"
1823,"[866211, 1082185, 916122, 880150, 962568]"
1824,"[874972, 1106523, 844179, 903325, 5569230]"
1826,"[866211, 1029743, 1044078, 1136257, 908531]"
1829,"[921504, 995242, 1127831, 930118, 1062002]"
1831,"[823990, 1082185, 878996, 1024306, 1058997]"
1832,"[921504, 1082185, 1058997, 852856, 930118]"
1833,"[874972, 1106523, 916122, 859075, 899624]"
1835,"[866211, 995242, 1127831, 1068719, 1023720]"
1836,"[948670, 1082185, 1127831, 1058997, 6034857]"
1837,"[866211, 1127831, 995242, 5569230, 1082185]"
1838,"[823990, 1004906, 5569230, 1127831, 1041796]"
1839,"[866211, 1106523, 1044078, 1081177, 840361]"
1841,"[866211, 854852, 961554, 1004906, 962568]"
1843,"[866211, 1081177, 5568378, 1053690, 909894]"
1844,"[866211, 916122, 1081177, 970030, 1117514]"
1845,"[866211, 1127831, 878996, 916122, 1044078]"
1846,"[866211, 1029743, 5569471, 981760, 1127831]"
1847,"[921504, 916122, 5569230, 1070820, 961554]"
1848,"[866211, 1082185, 995242, 951590, 916122]"
1849,"[863447, 1029743, 1127831, 1056509, 833025]"
1850,"[866211, 1127831, 878996, 854852, 1027569]"
1853,"[866211, 981760, 1024306, 1029743, 1043590]"
1854,"[866211, 1127831, 995242, 1022254, 854852]"
1856,"[866211, 981760, 1127831, 1082185, 12810393]"
1857,"[866211, 1029743, 854852, 1082185, 859075]"
1858,"[866211, 1082185, 916122, 1081177, 1058997]"
1861,"[1038663, 1029743, 981760, 1068719, 871756]"
1862,"[866211, 854852, 5569230, 6034857, 1082185]"
1864,"[866211, 1082185, 1127831, 824005, 901062]"
1865,"[866211, 1127831, 1081177, 1027569, 854852]"
1867,"[866211, 916122, 5569230, 957951, 857503]"
1868,"[874972, 859075, 8090537, 1043590, 5592931]"
1869,"[866211, 1127831, 916122, 824005, 1126899]"
1871,"[866211, 854852, 1082185, 1081177, 1026118]"
1872,"[948670, 1081177, 859075, 1024306, 1105488]"
1873,"[866211, 1082185, 1106523, 878996, 1110572]"
1876,"[866211, 1029743, 1082185, 1127831, 951590]"
1877,"[866211, 1029743, 844179, 916122, 1044078]"
1879,"[948670, 1082185, 981760, 854852, 819978]"
1880,"[866211, 1081177, 1044078, 1106523, 1029624]"
1881,"[866211, 1082185, 995242, 834117, 987562]"
1882,"[866211, 1075368, 1029743, 865178, 1110572]"
1883,"[874972, 1096036, 1068719, 1127831, 898068]"
1884,"[866211, 883932, 1029743, 845307, 989069]"
1885,"[866211, 1058997, 909714, 9835509, 854852]"
1886,"[866211, 1106523, 1024306, 828867, 965267]"
1887,"[866211, 981760, 1058997, 1082185, 1004906]"
1889,"[866211, 878996, 1004906, 859075, 1029743]"
1890,"[866211, 1082185, 916122, 903325, 1127831]"
1891,"[866211, 1082185, 995242, 908531, 1027569]"
1892,"[866211, 1044078, 1106523, 923746, 1004906]"
1895,"[866211, 1044078, 844179, 1096036, 910032]"
1896,"[866211, 1082185, 1029743, 1127831, 1018740]"
1898,"[866211, 981760, 871756, 1057260, 995965]"
1899,"[866211, 1029743, 1082185, 871756, 923746]"
1900,"[866211, 878996, 1082185, 819978, 1024306]"
1901,"[866211, 995242, 1082185, 1044078, 1068719]"
1903,"[866211, 1133018, 951590, 916122, 9526410]"
1904,"[866211, 1058997, 1127831, 1102959, 9526411]"
1906,"[866211, 995242, 981760, 844179, 1004906]"
1907,"[866211, 1029743, 981760, 1068719, 933835]"
1909,"[1000753, 1044078, 5569230, 916122, 1068719]"
1911,"[866211, 995242, 1044078, 1081177, 844179]"
1912,"[866211, 1029743, 1081177, 1044078, 5585510]"
1914,"[866211, 995242, 961554, 835098, 1022254]"
1916,"[866211, 1127831, 1004906, 902172, 1069621]"
1917,"[866211, 1106523, 1082185, 961554, 1068719]"
1918,"[866211, 1127831, 995965, 819978, 1014948]"
1919,"[866211, 1106523, 859075, 845208, 1081177]"
1920,"[866211, 1127831, 1082185, 1024306, 1070820]"
1922,"[874972, 1082185, 962568, 1058997, 916122]"
1923,"[866211, 1127831, 961554, 854852, 962568]"
1924,"[866211, 1106523, 854852, 839419, 878996]"
1925,"[866211, 1082185, 1029743, 1053690, 878996]"
1926,"[1000753, 916122, 844179, 995965, 1044078]"
1927,"[866211, 1106523, 1044078, 993638, 907631]"
1928,"[948670, 1082185, 1127831, 1070820, 1004906]"
1929,"[921504, 981760, 1106523, 878996, 1068719]"
1930,"[1000753, 1029743, 1081177, 962229, 833025]"
1931,"[866211, 1082185, 1106523, 1127831, 923746]"
1932,"[874972, 1082185, 916122, 1029743, 5569230]"
1935,"[866211, 916122, 844179, 1126899, 930118]"
1936,"[866211, 1029743, 844179, 1082185, 1110572]"
1937,"[866211, 1127831, 1082185, 961554, 1081177]"
1939,"[874972, 859075, 995242, 844179, 1044078]"
1940,"[866211, 854852, 1004906, 1024306, 1102949]"
1941,"[866211, 1106523, 1044078, 890695, 831628]"
1942,"[948670, 5569230, 1004906, 1106523, 1110572]"
1943,"[866211, 1029743, 1044078, 910032, 909894]"
1944,"[866211, 1082185, 1029743, 834117, 878996]"
1945,"[1038663, 1029743, 981760, 1068719, 832678]"
1946,"[866211, 1082185, 981760, 985999, 1136257]"
1947,"[866211, 1082185, 844179, 916122, 1087102]"
1948,"[866211, 981760, 854852, 962568, 1136257]"
1949,"[866211, 1127831, 1044078, 951590, 1082185]"
1950,"[921504, 1081177, 1106523, 5592931, 1044078]"
1951,"[866211, 1127831, 1081177, 5592931, 987724]"
1952,"[866211, 1029743, 999858, 834117, 893018]"
1953,"[866211, 916122, 1004906, 1044078, 845208]"
1954,"[863447, 878996, 962568, 1068719, 1004906]"
1955,"[866211, 1082185, 981760, 1054262, 916122]"
1956,"[1000753, 844179, 840361, 5569471, 833025]"
1957,"[866211, 1029743, 1082185, 819978, 893018]"
1958,"[866211, 878996, 903325, 987724, 840361]"
1959,"[866211, 995242, 923746, 854852, 933835]"
1960,"[874972, 1127831, 844179, 839419, 12810393]"
1961,"[866211, 1106523, 1096036, 903325, 923746]"
1962,"[866211, 995242, 1082185, 1068719, 6034857]"
1963,"[866211, 859075, 903325, 961554, 916122]"
1964,"[866211, 1127831, 962568, 1096036, 986912]"
1965,"[874972, 1106523, 1082185, 834117, 908531]"
1966,"[866211, 1082185, 1127831, 1023720, 1105488]"
1967,"[866211, 1127831, 961554, 962568, 878996]"
1968,"[866211, 1082185, 916122, 1029743, 1068719]"
1969,"[866211, 1029743, 1081177, 859075, 8090537]"
1970,"[866211, 1029743, 5569230, 832678, 5569327]"
1971,"[866211, 1029743, 1127831, 6034857, 823704]"
1975,"[1082185, 995242, 916122, 5568378, 865178]"
1976,"[1000753, 1106523, 1081177, 859075, 1096036]"
1978,"[866211, 1082185, 1029743, 995965, 859075]"
1979,"[866211, 995242, 854852, 8090521, 1082185]"
1981,"[866211, 878996, 1126899, 1082185, 1014948]"
1982,"[866211, 1082185, 961554, 903325, 824005]"
1983,"[866211, 5569230, 1029743, 913210, 1053690]"
1985,"[866211, 1082185, 1106523, 833025, 1062002]"
1987,"[866211, 1126899, 1082185, 1037332, 5569471]"
1988,"[866211, 1106523, 878996, 899624, 1082185]"
1989,"[866211, 878996, 916122, 12810393, 835098]"
1990,"[866211, 1029743, 1082185, 859075, 6034857]"
1991,"[866211, 995242, 1044078, 1096036, 832678]"
1992,"[866211, 916122, 923746, 1042438, 1039156]"
1993,"[1000753, 1133018, 986912, 1004906, 844179]"
1994,"[866211, 1044078, 1004906, 923746, 859075]"
1995,"[866211, 1029743, 1082185, 896369, 961554]"
1996,"[866211, 981760, 1126899, 859010, 909894]"
1997,"[866211, 1127831, 916122, 981760, 1126899]"
1998,"[866211, 1106523, 1044078, 1081177, 833025]"
1999,"[866211, 995242, 1082185, 1127831, 896369]"
2000,"[1000753, 916122, 995242, 1101173, 8090521]"
2001,"[866211, 878996, 1126899, 981760, 845208]"
2003,"[866211, 1127831, 840361, 12301109, 1102949]"
2004,"[866211, 995242, 981760, 819978, 845208]"
2005,"[866211, 1068719, 1029743, 1044078, 1076056]"
2006,"[866211, 1082185, 1133018, 993638, 844179]"
2007,"[866211, 1082185, 1106523, 859075, 845208]"
2008,"[866211, 995242, 981760, 1082185, 951590]"
2010,"[866211, 965766, 845208, 898068, 5568378]"
2011,"[866211, 961554, 1006184, 1076056, 847982]"
2012,"[866211, 1106523, 916122, 999779, 1102959]"
2014,"[823990, 1082185, 1106523, 981760, 844179]"
2015,"[866211, 1029743, 1127831, 940766, 1082185]"
2016,"[863447, 1133018, 1081177, 1026118, 1044078]"
2017,"[866211, 1082185, 1127831, 859075, 916122]"
2018,"[866211, 1082185, 1106523, 845208, 1127831]"
2019,"[874972, 1029743, 981760, 1081177, 899624]"
2020,"[866211, 1082185, 1029743, 898068, 1081177]"
2021,"[866211, 981760, 1044078, 1004906, 962229]"
2022,"[921504, 1082185, 1029743, 854852, 1027569]"
2023,"[866211, 1105488, 852856, 995965, 5569374]"
2025,"[866211, 1029743, 976199, 9245106, 828867]"
2026,"[866211, 916122, 923746, 1127831, 844179]"
2027,"[874972, 961554, 995242, 981760, 1068719]"
2028,"[866211, 995242, 5569230, 5568378, 1012587]"
2029,"[866211, 1082185, 1127831, 981760, 962229]"
2030,"[866211, 1029743, 1082185, 1132771, 1081177]"
2031,"[866211, 981760, 1044078, 883932, 913785]"
2032,"[866211, 878996, 1127831, 1070820, 830887]"
2033,"[866211, 981760, 995242, 1024306, 859075]"
2034,"[866211, 1082185, 1127831, 897954, 1023720]"
2036,"[866211, 1082185, 878996, 961554, 865178]"
2037,"[866211, 1029743, 981760, 1037863, 965766]"
2038,"[866211, 1029743, 923746, 1053690, 883003]"
2039,"[866211, 923746, 1106523, 878996, 918368]"
2040,"[866211, 1029743, 981760, 1044078, 821083]"
2041,"[863447, 923746, 961554, 9245106, 899624]"
2042,"[866211, 1127831, 1029743, 859075, 854852]"
2043,"[866211, 840361, 1053690, 951590, 12301109]"
2046,"[866211, 961554, 5569230, 1110572, 903325]"
2047,"[866211, 1106523, 962568, 1127831, 1022053]"
2048,"[863447, 1106523, 878996, 1004906, 844179]"
2049,"[866211, 854852, 1082185, 976199, 838186]"
2050,"[866211, 1096036, 923746, 961554, 1029743]"
2055,"[866211, 1004906, 1133018, 1022254, 1102959]"
2056,"[866211, 1106523, 1127831, 948670, 1082185]"
2057,"[866211, 878996, 859075, 834117, 1096036]"
2058,"[863447, 1127831, 961554, 1081177, 951412]"
2059,"[1000753, 5569230, 5568378, 865178, 908531]"
2060,"[866211, 1029743, 986912, 5569230, 844179]"
2062,"[866211, 1029743, 1127831, 824005, 961554]"
2063,"[866211, 1082185, 1127831, 12810393, 5569230]"
2064,"[1038663, 916122, 1081177, 854852, 995965]"
2065,"[874972, 1029743, 844179, 12810393, 1044078]"
2068,"[874972, 1127831, 916122, 961554, 965267]"
2070,"[866211, 1029743, 1127831, 9526410, 5569230]"
2071,"[863447, 1044078, 1004906, 1037863, 923746]"
2072,"[866211, 1029743, 1082185, 1127831, 951590]"
2075,"[866211, 1029743, 1004906, 916122, 5568378]"
2076,"[866211, 1082185, 981760, 845208, 854852]"
2077,"[866211, 1106523, 1082185, 903325, 1137775]"
2079,"[866211, 1082185, 1106523, 5585510, 1068719]"
2080,"[863447, 1082185, 981760, 1068292, 1037863]"
2081,"[866211, 1106523, 1044078, 899624, 1096036]"
2082,"[866211, 1029743, 916122, 961554, 9526410]"
2083,"[866211, 981760, 1004906, 999858, 930118]"
2084,"[866211, 1127831, 878996, 6034857, 1024306]"
2085,"[866211, 1082185, 1029743, 1044078, 844179]"
2086,"[866211, 1082185, 1127831, 8090537, 845208]"
2087,"[866211, 1029743, 854852, 857503, 1127831]"
2088,"[866211, 1029743, 1082185, 986912, 844179]"
2089,"[866211, 1126899, 1082185, 1037332, 860975]"
2090,"[866211, 995242, 1004906, 987562, 1039156]"
2091,"[866211, 1082185, 995242, 981760, 839419]"
2094,"[866211, 1082185, 844179, 923746, 845208]"
2095,"[866211, 1106523, 1068719, 8065410, 995965]"
2099,"[866211, 1029743, 878996, 854852, 962229]"
2100,"[866211, 1082185, 1127831, 1131438, 999270]"
2101,"[866211, 1029743, 981760, 819978, 5569230]"
2102,"[863447, 1082185, 995242, 840361, 908318]"
2103,"[866211, 1127831, 962568, 897125, 930118]"
2105,"[866211, 1133018, 965766, 5568378, 1071342]"
2108,"[866211, 1029743, 1082185, 1065593, 1068719]"
2109,"[863447, 981760, 923746, 1068719, 999270]"
2110,"[866211, 1082185, 1029743, 854852, 909714]"
2111,"[866211, 1082185, 1126899, 1127831, 930118]"
2112,"[1000753, 1082185, 1029743, 844179, 995965]"
2114,"[866211, 1127831, 878996, 961554, 986912]"
2115,"[866211, 1082185, 1127831, 840361, 878996]"
2116,"[866211, 1082185, 1127831, 962568, 5568729]"
2119,"[866211, 916122, 1082185, 840361, 961554]"
2120,"[866211, 1029743, 1082185, 1039156, 986912]"
2121,"[866211, 1127831, 1082185, 854852, 933835]"
2122,"[866211, 1082185, 1044078, 859075, 901062]"
2123,"[866211, 995242, 1127831, 1016800, 832678]"
2124,"[948670, 1082185, 1106523, 909714, 1136257]"
2125,"[874972, 1029743, 1082185, 961554, 987562]"
2126,"[863447, 1082185, 1127831, 962568, 1023720]"
2129,"[866211, 1029743, 1082185, 5569230, 1024306]"
2130,"[863447, 1082185, 1106523, 6034857, 1056509]"
2131,"[866211, 981760, 1029743, 833025, 986912]"
2132,"[866211, 995242, 1127831, 990797, 832678]"
2133,"[866211, 1082185, 878996, 897954, 844179]"
2134,"[863447, 1082185, 1127831, 844179, 857503]"
2135,"[866211, 986912, 903325, 832678, 1028816]"
2136,"[863447, 878996, 981760, 6034857, 1027569]"
2137,"[866211, 1127831, 1081177, 909894, 1024306]"
2138,"[1038663, 1029743, 1096036, 987724, 1076056]"
2139,"[863447, 1029743, 1127831, 819978, 986912]"
2141,"[866211, 1082185, 951590, 883003, 1106523]"
2142,"[866211, 1082185, 1029743, 951590, 940766]"
2145,"[866211, 1082185, 1127831, 923746, 903325]"
2146,"[866211, 1029743, 1053690, 1027569, 857503]"
2147,"[866211, 1082185, 1106523, 916122, 1042438]"
2148,"[866211, 981760, 1044078, 1133018, 854852]"
2149,"[874972, 1082185, 1106523, 965267, 1081177]"
2151,"[866211, 995242, 923746, 1122358, 5592931]"
2153,"[866211, 1029743, 1004906, 5592931, 910032]"
2154,"[866211, 1082185, 1127831, 981760, 878996]"
2155,"[866211, 5585510, 1034686, 1131438, 1033142]"
2156,"[866211, 995242, 859075, 909894, 1127831]"
2158,"[866211, 1127831, 878996, 901062, 1081177]"
2159,"[823990, 1004906, 1133018, 871756, 5592931]"
2160,"[874972, 916122, 1027569, 985999, 860299]"
2161,"[866211, 1126899, 961554, 835098, 1053690]"
2162,"[866211, 1029743, 1082185, 893018, 1004906]"
2163,"[866211, 862349, 8090532, 909894, 948670]"
2167,"[866211, 1106523, 1004906, 1096036, 1127831]"
2168,"[866211, 1044078, 995242, 1024306, 987562]"
2169,"[866211, 1126899, 1044078, 5568378, 9527290]"
2170,"[866211, 1029743, 5569230, 981760, 1081177]"
2171,"[948670, 995242, 951590, 965766, 999104]"
2172,"[866211, 1029743, 1082185, 1127831, 995965]"
2173,"[866211, 878996, 844179, 1106523, 844165]"
2174,"[866211, 1126899, 987724, 821083, 865456]"
2175,"[823990, 878996, 840361, 1041796, 870547]"
2176,"[866211, 1044078, 1106523, 5568378, 844179]"
2179,"[874972, 878996, 981760, 833025, 1006184]"
2181,"[866211, 1082185, 1127831, 933835, 5569230]"
2182,"[866211, 1029743, 1082185, 1082212, 873203]"
2183,"[866211, 1082185, 981760, 962568, 1027569]"
2184,"[921504, 1106523, 981760, 847982, 871756]"
2185,"[866211, 1127831, 961554, 995242, 823704]"
2186,"[866211, 1106523, 1082185, 840361, 916122]"
2188,"[866211, 1082185, 1106523, 819978, 961554]"
2189,"[866211, 1082185, 1029743, 834117, 1081177]"
2190,"[866211, 1127831, 878996, 1081177, 834117]"
2193,"[866211, 1127831, 961554, 1082185, 898068]"
2194,"[866211, 995242, 981760, 819978, 1082185]"
2195,"[866211, 1126899, 961554, 1127831, 995965]"
2196,"[823990, 995242, 981760, 840361, 854852]"
2197,"[866211, 5569230, 981760, 830887, 1102959]"
2198,"[948670, 995242, 844179, 1006184, 981760]"
2199,"[866211, 1127831, 1029743, 916122, 1082185]"
2200,"[863447, 1082185, 981760, 12810393, 845208]"
2202,"[866211, 1081177, 916122, 951412, 1097001]"
2203,"[866211, 1029743, 981760, 834117, 957951]"
2204,"[874972, 1044078, 981760, 1081177, 1004906]"
2205,"[866211, 1082185, 981760, 878996, 993638]"
2206,"[866211, 1029743, 981760, 840361, 951590]"
2207,"[874972, 916122, 995242, 923746, 5585510]"
2208,"[866211, 1106523, 981760, 844179, 962568]"
2209,"[866211, 1029743, 1082185, 1096036, 1081177]"
2211,"[866211, 1082185, 1126899, 930118, 1105488]"
2212,"[866211, 9527494, 1029743, 12301405, 957736]"
2213,"[866211, 962568, 854852, 987562, 1024306]"
2214,"[866211, 1082185, 1029743, 990797, 910032]"
2215,"[866211, 878996, 854852, 981760, 1023720]"
2217,"[863447, 923746, 1004906, 1026118, 1023720]"
2221,"[1000753, 1082185, 1127831, 1058997, 1044078]"
2222,"[866211, 995242, 5569230, 898068, 951190]"
2223,"[866211, 1058997, 1110572, 5569845, 879755]"
2224,"[874972, 1029743, 1127831, 847982, 1096036]"
2225,"[863447, 916122, 1082185, 878996, 1058997]"
2226,"[866211, 1082185, 1106523, 833025, 908531]"
2228,"[866211, 1106523, 1127831, 833025, 899624]"
2229,"[866211, 1082185, 981760, 916122, 840361]"
2231,"[866211, 1082185, 981760, 901062, 916122]"
2233,"[866211, 1127831, 916122, 1082185, 1081177]"
2234,"[863447, 878996, 1127831, 986912, 1082185]"
2235,"[874972, 878996, 844179, 1004906, 1037863]"
2237,"[866211, 1082185, 916122, 1105488, 1044078]"
2238,"[866211, 1029743, 1044078, 981760, 1082185]"
2239,"[866211, 1029743, 1004906, 1068719, 8090537]"
2240,"[866211, 1106523, 1082185, 961554, 859010]"
2241,"[874972, 1029743, 878996, 1082185, 859075]"
2243,"[866211, 1029743, 1004906, 844179, 833025]"
2244,"[948670, 1029743, 1044078, 987562, 1082185]"
2245,"[866211, 878996, 995242, 1004906, 1039156]"
2247,"[866211, 1106523, 1044078, 840361, 987724]"
2248,"[866211, 859075, 878996, 1106523, 990797]"
2250,"[866211, 1029743, 1024306, 859075, 899624]"
2252,"[866211, 1029743, 1082185, 833025, 8065410]"
2253,"[1038663, 1029743, 1082185, 1051323, 1068719]"
2256,"[866211, 840361, 1082185, 1051211, 898068]"
2257,"[866211, 1106523, 1068719, 1082185, 1065593]"
2258,"[866211, 1029743, 903325, 1127831, 961554]"
2259,"[866211, 1026118, 1029743, 854852, 5569327]"
2260,"[948670, 1029743, 854852, 859075, 981760]"
2261,"[866211, 1082185, 1106523, 986912, 844179]"
2262,"[866211, 878996, 962568, 893018, 1062002]"
2263,"[863447, 995242, 1044078, 883003, 833025]"
2264,"[874972, 1082185, 1127831, 995965, 916122]"
2266,"[866211, 1082185, 916122, 1046262, 824005]"
2267,"[866211, 916122, 840361, 985999, 834117]"
2269,"[866211, 1082185, 916122, 859075, 854852]"
2270,"[866211, 995242, 1127831, 9526410, 859075]"
2271,"[866211, 1024306, 986912, 993638, 878996]"
2272,"[866211, 1082185, 923746, 1044078, 819978]"
2273,"[874972, 1082185, 923746, 1053690, 903325]"
2274,"[866211, 1082185, 854852, 828867, 981760]"
2275,"[863447, 916122, 995242, 12301109, 1053690]"
2276,"[866211, 1082185, 916122, 908531, 839419]"
2277,"[866211, 1106523, 1096036, 1092026, 987562]"
2278,"[866211, 1058997, 962568, 6034857, 970030]"
2279,"[866211, 5569230, 1053690, 1133018, 962568]"
2280,"[866211, 981760, 1004906, 874972, 1087102]"
2281,"[866211, 1082185, 5569230, 6034857, 957951]"
2282,"[866211, 1081177, 903325, 862349, 1127831]"
2283,"[866211, 1106523, 878996, 981760, 870547]"
2284,"[866211, 1082185, 981760, 878996, 859075]"
2285,"[866211, 961554, 1058997, 5569471, 995965]"
2287,"[866211, 1029743, 1127831, 1082185, 1024306]"
2288,"[948670, 1082185, 840361, 965267, 5569230]"
2289,"[866211, 995242, 1004906, 819978, 1136257]"
2290,"[866211, 1029743, 5568378, 1092026, 871756]"
2291,"[866211, 986912, 1138189, 9677202, 1110572]"
2292,"[948670, 1029743, 1081177, 899624, 1014948]"
2293,"[866211, 1082185, 1127831, 834117, 878996]"
2294,"[866211, 1082185, 1029743, 1068719, 899624]"
2295,"[866211, 981760, 1106523, 844179, 990797]"
2296,"[866211, 1029743, 981760, 859075, 910032]"
2297,"[866211, 1082185, 1106523, 878996, 1127179]"
2298,"[863447, 916122, 995242, 1037863, 840361]"
2299,"[866211, 878996, 1081177, 916122, 985999]"
2300,"[874972, 1029743, 1082185, 1027569, 840361]"
2301,"[866211, 1029743, 916122, 5569230, 898068]"
2302,"[866211, 1029743, 1004906, 961554, 981760]"
2303,"[866211, 1029743, 1082185, 1138443, 1127831]"
2305,"[866211, 1082185, 1029743, 900802, 878996]"
2307,"[823990, 1082185, 995242, 916122, 1081177]"
2308,"[866211, 1029743, 854852, 916122, 878996]"
2310,"[866211, 995242, 1081177, 981760, 870547]"
2312,"[866211, 1082185, 1127831, 1116821, 878996]"
2314,"[866211, 1082185, 1127831, 987562, 1022254]"
2315,"[866211, 1029743, 1082185, 1127831, 951590]"
2317,"[866211, 1082185, 1029743, 859075, 981760]"
2319,"[866211, 1082185, 1029743, 838186, 923746]"
2322,"[866211, 1082185, 1127831, 916122, 6034857]"
2323,"[866211, 1053690, 990797, 1022097, 1106523]"
2324,"[866211, 1029743, 1082185, 1053690, 845208]"
2325,"[866211, 1029743, 1082185, 1127831, 951590]"
2328,"[866211, 1082185, 1127831, 1133018, 916122]"
2330,"[866211, 1082185, 1127831, 840361, 1053690]"
2331,"[866211, 1029743, 878996, 951590, 832678]"
2333,"[866211, 923746, 985893, 1068719, 1069621]"
2334,"[866211, 1029743, 1082185, 1081177, 5568378]"
2335,"[866211, 1082185, 1029743, 1043590, 5569230]"
2336,"[866211, 1029743, 1081177, 859010, 5569230]"
2337,"[866211, 1082185, 1106523, 910032, 1110572]"
2338,"[866211, 1106523, 981760, 1127831, 901062]"
2339,"[866211, 1029743, 1082185, 1039156, 986912]"
2340,"[866211, 1106523, 859075, 1082185, 1127831]"
2341,"[866211, 1106523, 1044078, 5569230, 844179]"
2342,"[1000753, 1029743, 916122, 859075, 5569230]"
2343,"[866211, 916122, 995242, 1071342, 987562]"
2344,"[1000753, 5569230, 1106523, 9526410, 1081177]"
2345,"[1000753, 1029743, 5569230, 1044078, 983584]"
2347,"[866211, 1029743, 1082185, 962568, 5569230]"
2349,"[866211, 1082185, 859075, 1127831, 1096036]"
2350,"[866211, 1029743, 840361, 1027569, 1131438]"
2351,"[866211, 995242, 981760, 878996, 1006184]"
2352,"[866211, 981760, 1133018, 5568378, 1006184]"
2354,"[866211, 981760, 916122, 985999, 878996]"
2359,"[1038663, 1106523, 840361, 830887, 897125]"
2360,"[866211, 1029743, 1127831, 854852, 9526410]"
2361,"[866211, 981760, 916122, 844179, 840361]"
2363,"[866211, 995242, 859075, 1022097, 12810393]"
2364,"[866211, 1029743, 1082185, 1039156, 986912]"
2366,"[948670, 995242, 1004906, 831628, 859075]"
2368,"[866211, 859075, 844179, 949965, 981760]"
2369,"[866211, 1029743, 1082185, 901062, 1087102]"
2370,"[863447, 981760, 916122, 5569471, 1136257]"
2372,"[866211, 1082185, 995242, 1096036, 923746]"
2373,"[866211, 859075, 1133018, 1128016, 854852]"
2374,"[863447, 1082185, 1044078, 859075, 844179]"
2375,"[866211, 923746, 1106523, 965766, 8065410]"
2376,"[863447, 844179, 1127831, 1044078, 873203]"
2377,"[866211, 995242, 1004906, 961554, 901062]"
2378,"[866211, 1082185, 1029743, 845208, 1071342]"
2379,"[866211, 916122, 1081177, 1127831, 859075]"
2380,"[866211, 1029743, 1127831, 5569230, 1068719]"
2381,"[866211, 844179, 1133018, 987562, 840361]"
2385,"[866211, 1082185, 1029743, 910032, 965766]"
2386,"[866211, 1081177, 981760, 987724, 923746]"
2387,"[866211, 844179, 1004906, 833025, 6034857]"
2388,"[863447, 1029743, 840361, 833025, 999858]"
2389,"[921504, 1082185, 1029743, 9527290, 1122358]"
2392,"[866211, 916122, 1004906, 844179, 1044078]"
2393,"[866211, 1127831, 961554, 1028816, 995965]"
2394,"[866211, 923746, 1133018, 1096317, 987724]"
2395,"[866211, 995242, 5569230, 981760, 9526410]"
2397,"[866211, 1133018, 878996, 951590, 903325]"
2399,"[866211, 1106523, 1043590, 835098, 993638]"
2400,"[866211, 1082185, 1127831, 5569230, 1056509]"
2401,"[866211, 1082185, 1106523, 1004906, 834117]"
2404,"[866211, 961554, 1082185, 1126899, 1110572]"
2405,"[866211, 995242, 1082185, 1127831, 878996]"
2406,"[866211, 1082185, 1127831, 897125, 923746]"
2407,"[866211, 1082185, 1029743, 981760, 923746]"
2408,"[1000753, 1029743, 1082185, 903325, 1018740]"
2410,"[1000753, 1106523, 916122, 951590, 987562]"
2412,"[866211, 1082185, 1106523, 910032, 844179]"
2416,"[866211, 859075, 840361, 1127831, 1126899]"
2418,"[866211, 1029743, 1004906, 844179, 965766]"
2420,"[863447, 1106523, 1004906, 1082185, 5569230]"
2421,"[866211, 1127831, 878996, 1029743, 5569230]"
2424,"[866211, 995242, 1081177, 1127831, 1056509]"
2425,"[866211, 1029743, 1127831, 5569230, 987562]"
2426,"[866211, 995242, 844179, 1044078, 844165]"
2427,"[866211, 1127831, 981760, 965766, 901062]"
2429,"[866211, 1044078, 961554, 1082185, 1074754]"
2431,"[948670, 981760, 1004906, 8090537, 840361]"
2434,"[863447, 923746, 1004906, 859075, 871756]"
2435,"[866211, 878996, 1029743, 834117, 1127831]"
2437,"[866211, 1082185, 1004906, 916122, 854852]"
2438,"[866211, 1081177, 916122, 824005, 854852]"
2439,"[866211, 854852, 1126899, 878996, 908531]"
2440,"[866211, 1106523, 1081177, 910032, 1076056]"
2441,"[948670, 1029743, 878996, 840361, 1024306]"
2442,"[866211, 1082185, 1126899, 1053690, 859075]"
2445,"[921504, 1029743, 844179, 961554, 983584]"
2446,"[948670, 962568, 854852, 903325, 962229]"
2447,"[874972, 1082185, 1127831, 916122, 930118]"
2448,"[1000753, 1106523, 1004906, 1044078, 965766]"
2449,"[1082185, 1127831, 1029743, 961554, 916122]"
2450,"[866211, 1127831, 1082185, 1006184, 824005]"
2451,"[874972, 1082185, 878996, 962568, 1026118]"
2452,"[866211, 1082185, 1106523, 5585510, 1014948]"
2453,"[866211, 1082185, 961554, 1068719, 962568]"
2455,"[921504, 1029743, 844179, 1004906, 5568378]"
2456,"[866211, 844179, 1058997, 12810393, 990797]"
2457,"[866211, 1106523, 854852, 1068719, 878996]"
2458,"[866211, 1127831, 859075, 1058997, 970030]"
2459,"[866211, 1029743, 1082185, 833025, 962568]"
2460,"[866211, 5569230, 5568378, 1053690, 1102959]"
2461,"[866211, 1058997, 1127831, 1053690, 839419]"
2462,"[921504, 995242, 1127831, 903325, 1027569]"
2464,"[866211, 1127831, 903325, 1070820, 951412]"
2465,"[866211, 986912, 859075, 981760, 995242]"
2466,"[866211, 1029743, 923746, 1068719, 1096036]"
2467,"[866211, 1127831, 1082185, 834117, 1126899]"
2470,"[866211, 1039156, 821083, 1022053, 923746]"
2471,"[866211, 923746, 1058997, 913785, 1136257]"
2472,"[866211, 981760, 1082185, 854852, 1068719]"
2475,"[866211, 1082185, 859075, 857503, 1081177]"
2477,"[866211, 1127831, 1081177, 898068, 910032]"
2478,"[866211, 1004906, 854852, 902172, 1133018]"
2479,"[874972, 1127831, 1106523, 854852, 8090521]"
2481,"[948670, 1029743, 1082185, 962568, 965766]"
2482,"[866211, 1004906, 1133018, 1082185, 908531]"
2483,"[866211, 1082185, 995242, 878996, 962568]"
2484,"[866211, 1029743, 1082185, 870547, 5569230]"
2485,"[866211, 995242, 5569471, 840361, 893018]"
2486,"[866211, 1029743, 1127831, 1004906, 823704]"
2488,"[866211, 916122, 981760, 1105488, 840361]"
2489,"[866211, 1082185, 1029743, 1027569, 1004906]"
2492,"[866211, 1106523, 5569230, 1087102, 965766]"
2494,"[866211, 1082185, 878996, 951197, 1070820]"
2496,"[1000753, 981760, 916122, 1070702, 5569230]"
2497,"[866211, 995242, 1082185, 8090537, 1042438]"
2498,"[866211, 961554, 1082185, 832678, 1053690]"
2499,"[866211, 1082185, 844179, 907631, 5569230]"
2500,"[948670, 1082185, 1127831, 995965, 5569471]"
